id,car_reg_number,registered_at,fine_amount
1,М902ТО33,2017-10-01 18:39:00,100
2,К420АМ61,2017-10-01 14:50:00,179
3,В877ОО31,2017-10-01 11:43:00,332
4,Р090СВ72,2017-10-01 17:44:00,390
5,Р090СВ72,2017-10-01 06:55:00,369
6,А155СН15,2017-10-01 19:06:00,100
7,К204ТО48,2017-10-01 13:14:00,140
8,К204ТО48,2017-10-01 11:02:00,401
9,К807УМ89,2017-10-01 22:59:00,100
10,К807УМ89,2017-10-01 06:26:00,384
11,В007ХЕ16,2017-10-01 16:40:00,135
12,В007ХЕ16,2017-10-01 17:20:00,105
13,В079РЕ21,2017-10-01 14:15:00,100
14,Р297ТМ99,2017-10-01 08:59:00,213
15,Р297ТМ99,2017-10-01 11:57:00,555
16,О808АК29,2017-10-01 22:59:00,261
17,О808АК29,2017-10-01 12:36:00,196
18,Е801ЕО54,2017-10-01 15:03:00,100
19,Е797ЕУ13,2017-10-01 19:46:00,100
20,С145РВ85,2017-10-01 20:19:00,100
21,К887ХА03,2017-10-02 15:50:00,191
22,К887ХА03,2017-10-02 21:45:00,100
23,М902ТО33,2017-10-02 17:20:00,124
24,М902ТО33,2017-10-02 07:08:00,121
25,Т349ОВ85,2017-10-02 07:57:00,247
26,А005СУ85,2017-10-02 06:13:00,567
27,Н516ТХ61,2017-10-02 10:59:00,100
28,Е743ВР41,2017-10-02 09:31:00,100
29,В007ХЕ16,2017-10-02 12:39:00,236
30,М432РС19,2017-10-02 20:53:00,152
31,В082ВЕ00,2017-10-02 16:02:00,163
32,У312ОМ11,2017-10-02 13:41:00,100
33,О502АС39,2017-10-02 21:27:00,345
34,Х150ТН29,2017-10-02 19:35:00,100
35,Е779АН53,2017-10-02 12:10:00,100
36,К340ОМ85,2017-10-02 22:08:00,273
37,Т017АХ92,2017-10-02 18:53:00,108
38,К807УМ89,2017-10-02 08:15:00,253
39,Т666СВ68,2017-10-03 09:54:00,156
40,Т666СВ68,2017-10-03 15:17:00,322
41,Т666СВ68,2017-10-03 22:51:00,133
42,Т666СВ68,2017-10-03 07:42:00,100
43,К735СН76,2017-10-03 22:41:00,100
44,К735СН76,2017-10-03 14:01:00,278
45,Р100ЕУ06,2017-10-03 08:16:00,185
46,Е797ЕУ13,2017-10-03 17:42:00,100
47,Е797ЕУ13,2017-10-03 18:34:00,100
48,Е797ЕУ13,2017-10-03 06:40:00,100
49,Н516ТХ61,2017-10-03 22:56:00,121
50,К204ТО48,2017-10-03 18:31:00,100
51,О941КМ76,2017-10-03 16:14:00,100
52,К714ОР62,2017-10-04 18:13:00,190
53,К714ОР62,2017-10-04 20:36:00,314
54,К807УМ89,2017-10-04 09:12:00,138
55,М432РС19,2017-10-04 12:41:00,100
56,О255КН87,2017-10-04 18:20:00,100
57,С654МТ54,2017-10-05 18:27:00,505
58,А005СУ85,2017-10-05 16:34:00,103
59,А005СУ85,2017-10-05 15:37:00,482
60,А005СУ85,2017-10-05 16:55:00,521
61,К714ОР62,2017-10-05 18:53:00,122
62,Х068КР61,2017-10-05 19:36:00,422
63,Т666СВ68,2017-10-05 07:04:00,169
64,К141ХВ54,2017-10-05 06:01:00,136
65,Е069КН61,2017-10-05 16:31:00,144
66,Е069КН61,2017-10-05 08:57:00,100
67,Е069КН61,2017-10-05 21:23:00,433
68,О941КМ76,2017-10-05 11:51:00,448
69,Е473МА24,2017-10-05 19:25:00,257
70,Е473МА24,2017-10-05 18:43:00,100
71,К807УМ89,2017-10-05 08:43:00,100
72,Т349ОВ85,2017-10-05 12:58:00,179
73,Т349ОВ85,2017-10-05 16:34:00,539
74,К340ОМ85,2017-10-05 14:39:00,572
75,К792ХТ33,2017-10-05 11:53:00,100
76,К792ХТ33,2017-10-05 10:32:00,100
77,К792ХТ33,2017-10-05 11:30:00,100
78,В082ВЕ00,2017-10-05 14:56:00,133
79,К938МВ02,2017-10-05 19:52:00,101
80,К938МВ02,2017-10-05 22:33:00,629
81,Н516ТХ61,2017-10-05 07:46:00,455
82,В732ЕН47,2017-10-05 11:00:00,295
83,С145РВ85,2017-10-05 12:11:00,100
84,С835ЕН46,2017-10-05 14:39:00,100
85,С835ЕН46,2017-10-05 13:47:00,100
86,С553ТН57,2017-10-05 06:27:00,100
87,М168ХВ70,2017-10-05 15:33:00,1089
88,М168ХВ70,2017-10-05 16:40:00,100
89,Р819МЕ26,2017-10-05 09:54:00,260
90,Р819МЕ26,2017-10-05 12:44:00,403
91,К177КН65,2017-10-05 15:50:00,332
92,А155СН15,2017-10-05 16:59:00,856
93,К420АМ61,2017-10-05 20:37:00,304
94,М656ТВ95,2017-10-05 20:42:00,708
95,С667СА97,2017-10-05 11:27:00,100
96,У312ОМ11,2017-10-05 19:08:00,100
97,Е847ЕХ06,2017-10-05 08:10:00,284
98,Е847ЕХ06,2017-10-05 19:39:00,100
99,Е847ЕХ06,2017-10-05 18:50:00,173
100,Е847ЕХ06,2017-10-05 07:25:00,169
101,В931КК68,2017-10-05 15:08:00,100
102,Н510СМ33,2017-10-05 18:18:00,100
103,Н510СМ33,2017-10-05 20:03:00,1648
104,Н510СМ33,2017-10-05 19:48:00,124
105,Н510СМ33,2017-10-05 12:22:00,479
106,А962УК86,2017-10-05 20:59:00,221
107,А962УК86,2017-10-05 14:01:00,113
108,Н115ОН10,2017-10-05 14:23:00,117
109,Н460СХ14,2017-10-05 20:01:00,103
110,В329МЕ40,2017-10-05 08:23:00,100
111,В329МЕ40,2017-10-05 13:19:00,100
112,В329МЕ40,2017-10-05 06:37:00,284
113,Х150ТН29,2017-10-05 09:29:00,180
114,Е797ЕУ13,2017-10-05 11:47:00,354
115,Е797ЕУ13,2017-10-05 22:40:00,100
116,М432РС19,2017-10-05 15:36:00,109
117,М432РС19,2017-10-05 07:09:00,100
118,М432РС19,2017-10-05 13:34:00,248
119,К887ХА03,2017-10-06 20:23:00,316
120,Х861ВТ24,2017-10-06 11:39:00,187
121,Р090СВ72,2017-10-06 07:02:00,233
122,Р090СВ72,2017-10-06 20:07:00,177
123,Р090СВ72,2017-10-06 09:41:00,209
124,У893НВ11,2017-10-06 11:12:00,100
125,Е779АН53,2017-10-06 14:20:00,100
126,Е779АН53,2017-10-06 08:57:00,100
127,Р894ЕМ69,2017-10-06 08:32:00,554
128,А345ХЕ73,2017-10-06 22:43:00,100
129,Р100ЕУ06,2017-10-06 10:33:00,100
130,С835ЕН46,2017-10-06 19:39:00,100
131,У312ОМ11,2017-10-06 20:01:00,323
132,У312ОМ11,2017-10-06 20:20:00,100
133,У312ОМ11,2017-10-06 14:16:00,203
134,У312ОМ11,2017-10-06 07:58:00,103
135,У312ОМ11,2017-10-06 11:31:00,248
136,У312ОМ11,2017-10-06 12:38:00,331
137,А962УК86,2017-10-06 06:42:00,127
138,Е847ЕХ06,2017-10-06 10:28:00,360
139,Е801ЕО54,2017-10-06 18:46:00,300
140,Е801ЕО54,2017-10-06 21:31:00,148
141,Н115ОН10,2017-10-06 06:23:00,209
142,Н510СМ33,2017-10-06 06:32:00,100
143,В732ЕН47,2017-10-06 07:26:00,246
144,В732ЕН47,2017-10-06 09:59:00,100
145,С667СА97,2017-10-06 21:17:00,139
146,К938МВ02,2017-10-06 18:43:00,184
147,В877ОО31,2017-10-06 10:29:00,100
148,В421ЕН42,2017-10-06 12:53:00,100
149,В421ЕН42,2017-10-06 12:21:00,204
150,В421ЕН42,2017-10-06 08:58:00,178
151,В421ЕН42,2017-10-06 12:03:00,100
152,В421ЕН42,2017-10-06 18:05:00,705
153,В079РЕ21,2017-10-06 09:14:00,593
154,В931КК68,2017-10-06 09:02:00,306
155,Н362НВ99,2017-10-06 06:12:00,100
156,Н362НВ99,2017-10-06 21:36:00,100
157,Н460СХ14,2017-10-06 16:58:00,100
158,Н460СХ14,2017-10-06 17:06:00,165
159,Н460СХ14,2017-10-06 13:17:00,259
160,У828КЕ05,2017-10-06 09:19:00,254
161,Е473МА24,2017-10-06 19:07:00,100
162,А005СУ85,2017-10-06 20:51:00,100
163,А005СУ85,2017-10-06 07:43:00,201
164,А005СУ85,2017-10-06 20:15:00,100
165,А005СУ85,2017-10-06 17:33:00,100
166,Н516ТХ61,2017-10-06 13:16:00,315
167,Т363ВХ23,2017-10-06 20:57:00,170
168,А615ВЕ85,2017-10-08 10:15:00,154
169,Х861ВТ24,2017-10-08 18:39:00,285
170,К420АМ61,2017-10-08 21:44:00,100
171,К420АМ61,2017-10-08 12:04:00,279
172,К420АМ61,2017-10-08 12:55:00,231
173,К420АМ61,2017-10-08 10:46:00,446
174,К420АМ61,2017-10-08 19:55:00,127
175,Т429АН92,2017-10-08 09:17:00,163
176,Т794МО69,2017-10-08 08:44:00,100
177,Т486МС77,2017-10-08 22:35:00,223
178,В376КН98,2017-10-08 10:29:00,100
179,Х150ТН29,2017-10-08 15:52:00,204
180,Е473МА24,2017-10-08 20:40:00,348
181,Е473МА24,2017-10-08 11:52:00,161
182,А155СН15,2017-10-08 18:00:00,247
183,К735СН76,2017-10-08 18:24:00,149
184,К735СН76,2017-10-08 11:18:00,100
185,У312ОМ11,2017-10-08 22:55:00,100
186,Т363ВХ23,2017-10-08 07:49:00,102
187,Т363ВХ23,2017-10-08 16:15:00,241
188,У751УР77,2017-10-08 17:17:00,100
189,К141ХВ54,2017-10-08 06:33:00,748
190,Е743ВР41,2017-10-08 14:59:00,100
191,Е743ВР41,2017-10-08 10:11:00,589
192,Р090СВ72,2017-10-08 20:56:00,498
193,К414КВ30,2017-10-08 16:40:00,253
194,У893НВ11,2017-10-08 19:25:00,100
195,О502АС39,2017-10-09 15:41:00,100
196,А615ВЕ85,2017-10-09 20:43:00,130
197,У312ОМ11,2017-10-09 10:02:00,100
198,К414КВ30,2017-10-09 20:54:00,165
199,К414КВ30,2017-10-09 17:05:00,413
200,В931КК68,2017-10-09 07:19:00,612
201,В079РЕ21,2017-10-09 07:02:00,264
202,О255КН87,2017-10-09 22:22:00,100
203,А155СН15,2017-10-09 16:20:00,531
204,А345ХЕ73,2017-10-09 14:58:00,452
205,А345ХЕ73,2017-10-09 08:50:00,208
206,А345ХЕ73,2017-10-09 21:49:00,100
207,С145РВ85,2017-10-09 17:24:00,100
208,С145РВ85,2017-10-09 11:58:00,100
209,С145РВ85,2017-10-09 18:43:00,102
210,С145РВ85,2017-10-09 20:47:00,233
211,Р894ЕМ69,2017-10-09 07:51:00,149
212,Т349ОВ85,2017-10-09 07:22:00,100
213,Н460СХ14,2017-10-09 18:16:00,143
214,В007ХЕ16,2017-10-09 21:20:00,196
215,М168ХВ70,2017-10-09 06:17:00,100
216,М168ХВ70,2017-10-09 14:46:00,868
217,М168ХВ70,2017-10-11 20:00:00,144
218,У751УР77,2017-10-11 22:18:00,249
219,У751УР77,2017-10-11 08:50:00,270
220,Х150ТН29,2017-10-11 14:46:00,252
221,С667СА97,2017-10-12 07:46:00,100
222,У893НВ11,2017-10-12 22:24:00,128
223,У893НВ11,2017-10-12 06:55:00,102
224,У893НВ11,2017-10-12 06:15:00,100
225,У893НВ11,2017-10-12 07:35:00,100
226,Р187РС41,2017-10-12 21:59:00,100
227,О255КН87,2017-10-12 10:05:00,100
228,С654МТ54,2017-10-12 12:08:00,160
229,С654МТ54,2017-10-12 17:45:00,301
230,К714ОР62,2017-10-12 12:02:00,149
231,В007ХЕ16,2017-10-12 13:46:00,100
232,Х861ВТ24,2017-10-12 13:10:00,269
233,Р297ТМ99,2017-10-12 19:47:00,122
234,А155СН15,2017-10-12 17:01:00,100
235,А155СН15,2017-10-12 17:08:00,108
236,А155СН15,2017-10-12 09:13:00,117
237,В082ВЕ00,2017-10-12 22:22:00,130
238,Н516ТХ61,2017-10-12 18:51:00,212
239,К938МВ02,2017-10-12 11:07:00,100
240,В079РЕ21,2017-10-12 15:00:00,161
241,У312ОМ11,2017-10-13 11:11:00,100
242,Х068КР61,2017-10-13 19:29:00,198
243,А615ВЕ85,2017-10-13 19:06:00,100
244,А615ВЕ85,2017-10-13 18:24:00,100
245,А155СН15,2017-10-13 07:18:00,158
246,А155СН15,2017-10-13 17:05:00,230
247,А155СН15,2017-10-13 10:11:00,114
248,О502АС39,2017-10-13 07:29:00,109
249,О502АС39,2017-10-13 18:00:00,139
250,О502АС39,2017-10-13 12:56:00,376
251,О502АС39,2017-10-13 20:26:00,100
252,О502АС39,2017-10-13 20:56:00,100
253,О502АС39,2017-10-13 07:46:00,100
254,Е847ЕХ06,2017-10-13 10:25:00,100
255,Е847ЕХ06,2017-10-13 06:12:00,121
256,Н115ОН10,2017-10-13 10:30:00,100
257,К714ОР62,2017-10-13 06:13:00,100
258,К714ОР62,2017-10-13 20:24:00,100
259,В082ВЕ00,2017-10-13 11:39:00,129
260,С553ТН57,2017-10-13 17:18:00,100
261,С553ТН57,2017-10-13 15:43:00,211
262,С553ТН57,2017-10-13 20:48:00,100
263,С553ТН57,2017-10-13 08:16:00,664
264,С667СА97,2017-10-13 11:18:00,205
265,О255КН87,2017-10-13 19:50:00,100
266,Н336ВК51,2017-10-13 10:30:00,100
267,Т794МО69,2017-10-13 13:10:00,100
268,В376КН98,2017-10-13 16:07:00,333
269,Р819МЕ26,2017-10-13 07:32:00,316
270,Р819МЕ26,2017-10-13 16:37:00,336
271,Р330АК88,2017-10-13 22:05:00,100
272,Е779АН53,2017-10-13 06:16:00,100
273,Е473МА24,2017-10-13 21:19:00,100
274,В007ХЕ16,2017-10-13 14:04:00,100
275,К204ТО48,2017-10-15 21:53:00,265
276,Т017АХ92,2017-10-15 15:42:00,100
277,Т017АХ92,2017-10-15 14:33:00,100
278,В732ЕН47,2017-10-15 15:23:00,100
279,В732ЕН47,2017-10-15 06:38:00,526
280,С553ТН57,2017-10-15 12:58:00,100
281,С667СА97,2017-10-15 13:19:00,100
282,К420АМ61,2017-10-15 13:42:00,578
283,С786АО03,2017-10-15 12:17:00,1425
284,А005СУ85,2017-10-15 15:06:00,100
285,Р330АК88,2017-10-15 11:56:00,100
286,В007ХЕ16,2017-10-15 10:43:00,100
287,О941КМ76,2017-10-15 06:42:00,1150
288,М313СС96,2017-10-15 17:48:00,190
289,Х150ТН29,2017-10-15 08:44:00,100
290,М902ТО33,2017-10-15 09:16:00,272
291,К735СН76,2017-10-16 15:46:00,100
292,К735СН76,2017-10-16 13:05:00,100
293,Е797ЕУ13,2017-10-16 11:51:00,476
294,Е797ЕУ13,2017-10-16 23:00:00,152
295,М656ТВ95,2017-10-16 11:35:00,129
296,Е743ВР41,2017-10-16 21:56:00,210
297,Е801ЕО54,2017-10-16 14:56:00,115
298,Т349ОВ85,2017-10-16 08:35:00,101
299,А005СУ85,2017-10-16 09:38:00,134
300,Е940УК67,2017-10-16 10:25:00,100
301,Е940УК67,2017-10-16 22:27:00,380
302,У312ОМ11,2017-10-16 12:29:00,215
303,В931КК68,2017-10-16 11:58:00,100
304,В931КК68,2017-10-16 21:35:00,508
305,Е847ЕХ06,2017-10-16 10:10:00,100
306,Е847ЕХ06,2017-10-16 09:30:00,100
307,Е847ЕХ06,2017-10-16 11:26:00,179
308,А615ВЕ85,2017-10-16 12:37:00,100
309,А615ВЕ85,2017-10-16 18:10:00,104
310,М432РС19,2017-10-16 20:45:00,100
311,М432РС19,2017-10-16 09:39:00,100
312,М432РС19,2017-10-16 19:49:00,188
313,О941КМ76,2017-10-16 19:12:00,100
314,В082ВЕ00,2017-10-16 08:44:00,439
315,В082ВЕ00,2017-10-16 14:57:00,100
316,К714ОР62,2017-10-16 16:26:00,862
317,Р187РС41,2017-10-16 15:35:00,334
318,Р187РС41,2017-10-16 14:52:00,100
319,Р187РС41,2017-10-16 11:45:00,100
320,В007ХЕ16,2017-10-16 13:11:00,256
321,В007ХЕ16,2017-10-16 06:09:00,575
322,М902ТО33,2017-10-17 10:03:00,100
323,Х150ТН29,2017-10-17 18:07:00,100
324,Н510СМ33,2017-10-17 10:04:00,100
325,К177КН65,2017-10-17 18:43:00,157
326,А615ВЕ85,2017-10-17 15:34:00,100
327,А615ВЕ85,2017-10-17 22:56:00,142
328,Е069КН61,2017-10-17 20:56:00,341
329,Х068КР61,2017-10-17 18:31:00,181
330,Р819МЕ26,2017-10-17 16:38:00,138
331,А155СН15,2017-10-17 11:28:00,100
332,А155СН15,2017-10-17 17:28:00,100
333,А155СН15,2017-10-17 07:25:00,100
334,О502АС39,2017-10-17 12:36:00,100
335,О502АС39,2017-10-17 10:15:00,114
336,О502АС39,2017-10-17 06:59:00,191
337,Т666СВ68,2017-10-17 13:13:00,120
338,Т666СВ68,2017-10-17 22:12:00,224
339,Т666СВ68,2017-10-17 22:10:00,100
340,Т666СВ68,2017-10-17 13:26:00,166
341,Т666СВ68,2017-10-17 10:44:00,100
342,Е797ЕУ13,2017-10-17 14:10:00,199
343,Н362НВ99,2017-10-17 22:21:00,459
344,Н362НВ99,2017-10-17 19:37:00,100
345,В079РЕ21,2017-10-17 17:45:00,100
346,В931КК68,2017-10-17 21:13:00,100
347,М432РС19,2017-10-17 08:51:00,100
348,Н336ВК51,2017-10-17 11:11:00,230
349,М313СС96,2017-10-17 12:24:00,100
350,А894СР67,2017-10-17 06:30:00,166
351,К714ОР62,2017-10-17 14:39:00,100
352,А894СР67,2017-10-18 19:55:00,100
353,А894СР67,2017-10-18 08:20:00,498
354,Н510СМ33,2017-10-18 14:15:00,307
355,С667СА97,2017-10-18 14:41:00,100
356,С667СА97,2017-10-18 09:32:00,100
357,Х068КР61,2017-10-18 20:09:00,100
358,А615ВЕ85,2017-10-18 19:12:00,272
359,А615ВЕ85,2017-10-18 09:15:00,262
360,Х861ВТ24,2017-10-18 20:11:00,100
361,Х861ВТ24,2017-10-18 21:22:00,143
362,О255КН87,2017-10-18 21:06:00,100
363,Н460СХ14,2017-10-18 08:54:00,155
364,Н460СХ14,2017-10-18 08:50:00,396
365,К714ОР62,2017-10-18 07:17:00,625
366,К887ХА03,2017-10-18 19:42:00,347
367,Н336ВК51,2017-10-18 09:49:00,451
368,Н336ВК51,2017-10-18 08:37:00,500
369,В376КН98,2017-10-18 06:56:00,100
370,С145РВ85,2017-10-18 06:22:00,100
371,К735СН76,2017-10-18 16:06:00,109
372,Е797ЕУ13,2017-10-18 18:02:00,100
373,Е655ВУ75,2017-10-18 20:28:00,100
374,Е655ВУ75,2017-10-18 12:21:00,100
375,Х150ТН29,2017-10-18 09:58:00,318
376,Х150ТН29,2017-10-18 14:46:00,167
377,Т429АН92,2017-10-18 06:55:00,100
378,Т429АН92,2017-10-18 13:21:00,562
379,Т429АН92,2017-10-18 23:00:00,100
380,А005СУ85,2017-10-18 11:33:00,100
381,Р211МН57,2017-10-18 10:58:00,145
382,Р211МН57,2017-10-18 11:01:00,331
383,Р211МН57,2017-10-18 14:30:00,100
384,К141ХВ54,2017-10-18 09:49:00,100
385,В007ХЕ16,2017-10-18 11:21:00,100
386,Н501ОВ40,2017-10-18 09:17:00,330
387,Н501ОВ40,2017-10-18 06:01:00,110
388,Н501ОВ40,2017-10-18 14:17:00,147
389,Р090СВ72,2017-10-19 13:10:00,100
390,Р090СВ72,2017-10-19 22:38:00,239
391,В079РЕ21,2017-10-20 11:52:00,379
392,В079РЕ21,2017-10-20 17:00:00,468
393,В079РЕ21,2017-10-20 12:38:00,415
394,К204ТО48,2017-10-20 06:25:00,100
395,К204ТО48,2017-10-20 12:16:00,100
396,К204ТО48,2017-10-20 21:45:00,163
397,С667СА97,2017-10-20 20:39:00,100
398,К340ОМ85,2017-10-20 13:07:00,100
399,О502АС39,2017-10-20 18:23:00,102
400,М432РС19,2017-10-20 18:45:00,100
401,А345ХЕ73,2017-10-20 20:29:00,256
402,А345ХЕ73,2017-10-20 16:13:00,126
403,Р100ЕУ06,2017-10-20 09:18:00,100
404,У893НВ11,2017-10-20 06:25:00,100
405,Р894ЕМ69,2017-10-20 10:01:00,250
406,С553ТН57,2017-10-20 06:05:00,393
407,В007ХЕ16,2017-10-20 06:06:00,100
408,М313СС96,2017-10-20 21:16:00,120
409,К141ХВ54,2017-10-20 15:29:00,277
410,К414КВ30,2017-10-20 10:39:00,330
411,Е069КН61,2017-10-20 10:45:00,349
412,Е940УК67,2017-10-20 19:22:00,144
413,Е940УК67,2017-10-20 20:07:00,298
414,Е940УК67,2017-10-20 12:44:00,153
415,О808АК29,2017-10-20 07:00:00,100
416,С654МТ54,2017-10-20 22:48:00,194
417,С654МТ54,2017-10-20 10:45:00,100
418,Р090СВ72,2017-10-20 09:04:00,203
419,Р090СВ72,2017-10-20 14:48:00,100
420,Р090СВ72,2017-10-20 22:16:00,100
421,Р090СВ72,2017-10-20 14:53:00,274
422,Р090СВ72,2017-10-20 21:58:00,312
423,Р090СВ72,2017-10-20 14:09:00,157
424,Р090СВ72,2017-10-20 13:47:00,130
425,Е655ВУ75,2017-10-20 11:19:00,100
426,Н460СХ14,2017-10-20 07:12:00,144
427,Н460СХ14,2017-10-20 08:06:00,129
428,Н460СХ14,2017-10-20 09:40:00,100
429,Е473МА24,2017-10-21 07:01:00,327
430,С835ЕН46,2017-10-21 22:35:00,254
431,С835ЕН46,2017-10-21 13:56:00,208
432,С835ЕН46,2017-10-21 22:59:00,620
433,С835ЕН46,2017-10-21 22:03:00,238
434,К204ТО48,2017-10-21 09:09:00,303
435,Т666СВ68,2017-10-22 07:32:00,100
436,К204ТО48,2017-10-22 12:52:00,100
437,О941КМ76,2017-10-22 08:04:00,347
438,К938МВ02,2017-10-22 09:34:00,186
439,Р100ЕУ06,2017-10-22 11:03:00,100
440,А615ВЕ85,2017-10-22 17:36:00,530
441,М902ТО33,2017-10-22 21:27:00,144
442,М902ТО33,2017-10-22 09:10:00,100
443,М902ТО33,2017-10-22 15:22:00,266
444,К714ОР62,2017-10-22 20:06:00,711
445,Т017АХ92,2017-10-22 21:06:00,100
446,Т017АХ92,2017-10-22 12:45:00,742
447,Т017АХ92,2017-10-22 07:37:00,100
448,Е779АН53,2017-10-22 14:53:00,100
449,А345ХЕ73,2017-10-22 09:17:00,100
450,А345ХЕ73,2017-10-22 06:52:00,510
451,Н115ОН10,2017-10-22 10:24:00,100
452,А894СР67,2017-10-22 17:27:00,100
453,Е797ЕУ13,2017-10-22 13:23:00,354
454,Е797ЕУ13,2017-10-22 19:50:00,100
455,К887ХА03,2017-10-22 07:00:00,553
456,Е743ВР41,2017-10-22 22:20:00,231
457,К177КН65,2017-10-22 19:07:00,161
458,В421ЕН42,2017-10-22 20:49:00,100
459,Т363ВХ23,2017-10-22 09:35:00,220
460,В329МЕ40,2017-10-22 08:49:00,100
461,Е847ЕХ06,2017-10-22 22:27:00,119
462,Е847ЕХ06,2017-10-22 17:31:00,242
463,С553ТН57,2017-10-22 10:03:00,100
464,С553ТН57,2017-10-22 10:40:00,560
465,С553ТН57,2017-10-22 22:37:00,127
466,Р330АК88,2017-10-22 18:34:00,100
467,О808АК29,2017-10-22 12:48:00,100
468,О808АК29,2017-10-22 09:48:00,370
469,Е655ВУ75,2017-10-22 16:40:00,100
470,Е655ВУ75,2017-10-22 09:27:00,353
471,В079РЕ21,2017-10-22 22:02:00,139
472,К420АМ61,2017-10-22 16:38:00,708
473,К420АМ61,2017-10-22 22:05:00,100
474,К420АМ61,2017-10-22 11:55:00,145
475,К420АМ61,2017-10-22 16:54:00,100
476,О502АС39,2017-10-22 10:49:00,1133
477,К807УМ89,2017-10-22 21:13:00,100
478,У828КЕ05,2017-10-22 16:28:00,527
479,У828КЕ05,2017-10-22 21:48:00,229
480,С654МТ54,2017-10-22 06:30:00,100
481,С654МТ54,2017-10-22 06:56:00,435
482,Х861ВТ24,2017-10-23 11:18:00,953
483,С786АО03,2017-10-23 22:26:00,514
484,С786АО03,2017-10-23 19:25:00,100
485,К204ТО48,2017-10-24 14:14:00,100
486,В007ХЕ16,2017-10-24 13:33:00,186
487,К714ОР62,2017-10-24 22:26:00,124
488,К714ОР62,2017-10-24 09:20:00,100
489,К714ОР62,2017-10-24 15:51:00,100
490,К420АМ61,2017-10-25 14:58:00,100
491,К177КН65,2017-10-25 08:06:00,100
492,К177КН65,2017-10-25 12:10:00,183
493,А005СУ85,2017-10-25 16:09:00,100
494,О941КМ76,2017-10-25 08:45:00,100
495,О941КМ76,2017-10-26 18:32:00,100
496,А005СУ85,2017-10-26 08:46:00,294
497,А005СУ85,2017-10-26 12:43:00,271
498,А005СУ85,2017-10-26 06:17:00,100
499,А005СУ85,2017-10-26 15:23:00,100
500,Е069КН61,2017-10-26 09:21:00,616
501,К887ХА03,2017-10-26 07:54:00,446
502,К887ХА03,2017-10-26 07:17:00,100
503,Т486МС77,2017-10-26 07:53:00,100
504,Т486МС77,2017-10-26 11:08:00,237
505,А345ХЕ73,2017-10-26 17:31:00,301
506,А345ХЕ73,2017-10-26 12:01:00,207
507,Е797ЕУ13,2017-10-26 12:38:00,100
508,А894СР67,2017-10-27 13:47:00,100
509,Т363ВХ23,2017-10-27 18:34:00,100
510,В007ХЕ16,2017-10-27 14:33:00,100
511,М313СС96,2017-10-27 09:06:00,241
512,М902ТО33,2017-10-27 16:22:00,417
513,М902ТО33,2017-10-27 11:46:00,381
514,В329МЕ40,2017-10-27 13:54:00,196
515,В329МЕ40,2017-10-27 13:10:00,242
516,В329МЕ40,2017-10-27 09:19:00,100
517,В329МЕ40,2017-10-27 20:28:00,100
518,М168ХВ70,2017-10-27 15:43:00,100
519,М168ХВ70,2017-10-27 13:36:00,431
520,В421ЕН42,2017-10-27 17:46:00,100
521,В079РЕ21,2017-10-27 22:37:00,411
522,К807УМ89,2017-10-27 20:01:00,416
523,С786АО03,2017-10-27 21:16:00,100
524,С786АО03,2017-10-27 13:39:00,783
525,С786АО03,2017-10-27 15:01:00,175
526,О502АС39,2017-10-27 20:39:00,219
527,О502АС39,2017-10-27 14:31:00,289
528,О502АС39,2017-10-27 12:07:00,100
529,У751УР77,2017-10-27 19:42:00,534
530,Е797ЕУ13,2017-10-27 22:17:00,100
531,Е797ЕУ13,2017-10-27 10:05:00,100
532,Е797ЕУ13,2017-10-27 07:26:00,595
533,С667СА97,2017-10-27 11:55:00,100
534,Т794МО69,2017-10-27 18:32:00,100
535,Р297ТМ99,2017-10-27 18:56:00,258
536,Р297ТМ99,2017-10-27 16:11:00,292
537,Т349ОВ85,2017-10-27 08:12:00,100
538,Е743ВР41,2017-10-27 19:35:00,100
539,У893НВ11,2017-10-28 15:23:00,292
540,У893НВ11,2017-10-28 09:33:00,191
541,У893НВ11,2017-10-28 16:39:00,450
542,К340ОМ85,2017-10-29 21:01:00,100
543,А155СН15,2017-10-29 13:54:00,100
544,А155СН15,2017-10-29 19:55:00,224
545,Т017АХ92,2017-10-29 16:25:00,485
546,С145РВ85,2017-10-29 16:58:00,100
547,Р297ТМ99,2017-10-30 16:52:00,100
548,К792ХТ33,2017-10-30 20:13:00,279
549,Р187РС41,2017-10-30 22:13:00,210
550,Е743ВР41,2017-10-30 14:47:00,100
551,Е743ВР41,2017-10-30 08:21:00,100
552,В376КН98,2017-10-30 10:30:00,197
553,В376КН98,2017-10-30 21:59:00,144
554,В376КН98,2017-10-30 21:51:00,211
555,О941КМ76,2017-10-30 22:46:00,100
556,Т017АХ92,2017-10-30 22:04:00,315
557,Т017АХ92,2017-10-30 08:51:00,288
558,Т017АХ92,2017-10-30 20:22:00,292
559,Т017АХ92,2017-10-30 18:20:00,100
560,Т017АХ92,2017-10-30 16:24:00,265
561,Т017АХ92,2017-10-30 12:09:00,100
562,Е847ЕХ06,2017-10-30 14:47:00,100
563,Е847ЕХ06,2017-10-30 16:14:00,514
564,Е847ЕХ06,2017-10-30 20:40:00,127
565,С145РВ85,2017-10-30 10:45:00,100
566,С145РВ85,2017-10-30 12:40:00,257
567,К420АМ61,2017-10-30 08:43:00,249
568,С835ЕН46,2017-10-30 20:44:00,100
569,Т429АН92,2017-10-30 22:24:00,100
570,Т429АН92,2017-10-30 19:27:00,230
571,Т429АН92,2017-10-30 07:26:00,715
572,Т429АН92,2017-10-30 07:07:00,213
573,Т429АН92,2017-10-30 07:36:00,100
574,В007ХЕ16,2017-10-30 11:35:00,171
575,Р211МН57,2017-10-30 17:38:00,555
576,Р090СВ72,2017-10-30 07:45:00,195
577,Р090СВ72,2017-10-30 21:41:00,139
578,Х861ВТ24,2017-10-30 22:58:00,300
579,С553ТН57,2017-10-30 20:40:00,354
580,М313СС96,2017-10-30 13:07:00,266
581,А005СУ85,2017-10-30 19:40:00,407
582,К887ХА03,2017-10-30 09:13:00,106
583,О808АК29,2017-10-30 17:56:00,111
584,О808АК29,2017-10-30 21:13:00,651
585,В732ЕН47,2017-10-31 14:26:00,100
586,Р100ЕУ06,2017-10-31 15:12:00,100
587,К887ХА03,2017-10-31 22:40:00,330
588,М168ХВ70,2017-10-31 11:01:00,100
589,М168ХВ70,2017-10-31 22:35:00,174
590,С654МТ54,2017-10-31 21:34:00,100
591,С654МТ54,2017-10-31 10:13:00,417
592,С667СА97,2017-10-31 11:04:00,100
593,С667СА97,2017-10-31 21:13:00,861
594,С667СА97,2017-10-31 18:33:00,100
595,С667СА97,2017-10-31 12:05:00,716
596,С667СА97,2017-10-31 19:00:00,100
597,К340ОМ85,2017-10-31 06:25:00,101
598,У828КЕ05,2017-10-31 20:02:00,708
599,У828КЕ05,2017-10-31 19:50:00,197
600,К714ОР62,2017-10-31 09:43:00,100
601,К714ОР62,2017-10-31 12:27:00,100
602,К714ОР62,2017-10-31 13:07:00,100
603,А155СН15,2017-10-31 11:01:00,100
604,А155СН15,2017-10-31 22:19:00,250
605,К807УМ89,2017-10-31 10:00:00,100
606,О808АК29,2017-10-31 20:53:00,100
607,О808АК29,2017-10-31 17:17:00,1035
608,Н362НВ99,2017-10-31 22:38:00,468
609,Р819МЕ26,2017-10-31 08:54:00,100
610,Р894ЕМ69,2017-10-31 22:35:00,298
611,Т017АХ92,2017-10-31 09:51:00,395
612,Н336ВК51,2017-11-01 10:57:00,121
613,Н336ВК51,2017-11-01 20:19:00,100
614,Н336ВК51,2017-11-01 22:09:00,257
615,Н336ВК51,2017-11-01 08:54:00,1090
616,Н336ВК51,2017-11-01 17:16:00,100
617,В421ЕН42,2017-11-01 06:25:00,100
618,М168ХВ70,2017-11-01 12:12:00,142
619,М168ХВ70,2017-11-01 21:57:00,285
620,В376КН98,2017-11-01 21:34:00,239
621,В376КН98,2017-11-01 06:14:00,174
622,Р330АК88,2017-11-01 19:27:00,100
623,Р297ТМ99,2017-11-01 10:18:00,100
624,К714ОР62,2017-11-01 12:16:00,100
625,В082ВЕ00,2017-11-01 16:55:00,100
626,В082ВЕ00,2017-11-01 11:05:00,100
627,В082ВЕ00,2017-11-01 19:24:00,100
628,Х150ТН29,2017-11-01 09:27:00,100
629,Х150ТН29,2017-11-01 19:18:00,289
630,Р819МЕ26,2017-11-01 07:47:00,264
631,О941КМ76,2017-11-01 11:38:00,396
632,М432РС19,2017-11-01 07:37:00,360
633,М432РС19,2017-11-01 06:50:00,224
634,К204ТО48,2017-11-01 17:41:00,100
635,К204ТО48,2017-11-01 08:15:00,257
636,Е797ЕУ13,2017-11-01 21:25:00,192
637,В931КК68,2017-11-01 15:43:00,223
638,К177КН65,2017-11-01 14:43:00,671
639,К177КН65,2017-11-01 22:37:00,100
640,К177КН65,2017-11-01 15:14:00,361
641,К177КН65,2017-11-01 19:18:00,113
642,С667СА97,2017-11-01 08:08:00,160
643,С667СА97,2017-11-01 07:08:00,128
644,С667СА97,2017-11-01 06:44:00,100
645,Х068КР61,2017-11-02 20:51:00,115
646,С667СА97,2017-11-02 20:08:00,217
647,Н336ВК51,2017-11-02 08:04:00,100
648,Т794МО69,2017-11-02 13:01:00,196
649,В329МЕ40,2017-11-02 18:57:00,644
650,Р211МН57,2017-11-02 15:13:00,294
651,Р211МН57,2017-11-02 12:07:00,502
652,Н510СМ33,2017-11-02 06:32:00,537
653,В079РЕ21,2017-11-02 12:44:00,132
654,Н501ОВ40,2017-11-02 21:03:00,100
655,Н501ОВ40,2017-11-02 15:58:00,500
656,Н362НВ99,2017-11-02 12:38:00,100
657,В877ОО31,2017-11-02 14:04:00,100
658,М902ТО33,2017-11-02 19:24:00,100
659,Е801ЕО54,2017-11-02 15:01:00,100
660,Р187РС41,2017-11-02 21:49:00,543
661,Р187РС41,2017-11-02 17:51:00,323
662,О808АК29,2017-11-02 07:06:00,100
663,Р090СВ72,2017-11-02 14:39:00,640
664,М656ТВ95,2017-11-02 12:36:00,513
665,К792ХТ33,2017-11-02 12:46:00,174
666,К792ХТ33,2017-11-02 13:27:00,167
667,С786АО03,2017-11-02 13:16:00,274
668,С786АО03,2017-11-02 17:41:00,100
669,Т017АХ92,2017-11-02 06:44:00,100
670,Т017АХ92,2017-11-02 12:55:00,151
671,Т017АХ92,2017-11-02 08:47:00,100
672,Т017АХ92,2017-11-02 06:08:00,218
673,М432РС19,2017-11-02 20:53:00,177
674,Е940УК67,2017-11-02 09:24:00,129
675,О255КН87,2017-11-02 15:23:00,592
676,А005СУ85,2017-11-02 15:55:00,162
677,У751УР77,2017-11-02 15:02:00,123
678,У751УР77,2017-11-02 12:49:00,351
679,У751УР77,2017-11-02 16:33:00,279
680,У751УР77,2017-11-02 10:56:00,193
681,В931КК68,2017-11-03 22:41:00,100
682,Р297ТМ99,2017-11-03 12:19:00,113
683,О808АК29,2017-11-03 10:40:00,184
684,М902ТО33,2017-11-03 11:11:00,100
685,Т363ВХ23,2017-11-03 22:56:00,100
686,Н460СХ14,2017-11-03 12:16:00,491
687,К414КВ30,2017-11-03 13:59:00,104
688,К414КВ30,2017-11-03 09:04:00,453
689,К414КВ30,2017-11-03 22:58:00,100
690,Т666СВ68,2017-11-03 16:27:00,100
691,Н501ОВ40,2017-11-03 15:00:00,100
692,Р090СВ72,2017-11-03 10:05:00,100
693,Е801ЕО54,2017-11-03 15:49:00,232
694,Е801ЕО54,2017-11-03 21:19:00,237
695,В007ХЕ16,2017-11-03 14:05:00,238
696,А345ХЕ73,2017-11-03 08:23:00,100
697,Р330АК88,2017-11-03 09:33:00,100
698,Н336ВК51,2017-11-03 20:21:00,152
699,К340ОМ85,2017-11-03 10:02:00,425
700,Р100ЕУ06,2017-11-03 10:47:00,109
701,Р100ЕУ06,2017-11-03 07:57:00,730
702,К204ТО48,2017-11-03 18:10:00,238
703,К204ТО48,2017-11-03 19:07:00,583
704,К204ТО48,2017-11-03 11:50:00,100
705,К204ТО48,2017-11-03 07:45:00,532
706,К204ТО48,2017-11-03 13:33:00,123
707,Н115ОН10,2017-11-03 10:20:00,112
708,Н115ОН10,2017-11-03 11:03:00,100
709,С654МТ54,2017-11-03 20:02:00,328
710,Е069КН61,2017-11-03 08:56:00,526
711,Р187РС41,2017-11-03 08:58:00,131
712,Н510СМ33,2017-11-03 10:07:00,139
713,Р894ЕМ69,2017-11-03 16:47:00,414
714,Р894ЕМ69,2017-11-03 18:43:00,163
715,Е473МА24,2017-11-03 12:40:00,140
716,Т486МС77,2017-11-03 13:37:00,389
717,Т429АН92,2017-11-04 06:23:00,100
718,Т429АН92,2017-11-04 21:21:00,100
719,Т349ОВ85,2017-11-04 21:02:00,100
720,Т349ОВ85,2017-11-04 22:26:00,274
721,К177КН65,2017-11-04 07:07:00,632
722,К177КН65,2017-11-04 22:08:00,192
723,К177КН65,2017-11-04 06:31:00,100
724,К177КН65,2017-11-04 12:50:00,148
725,К177КН65,2017-11-04 21:17:00,100
726,К177КН65,2017-11-04 22:04:00,100
727,М902ТО33,2017-11-04 16:28:00,302
728,С145РВ85,2017-11-04 18:11:00,634
729,К141ХВ54,2017-11-04 17:22:00,708
730,В079РЕ21,2017-11-04 20:37:00,466
731,У893НВ11,2017-11-04 10:07:00,747
732,М313СС96,2017-11-04 11:30:00,100
733,С786АО03,2017-11-04 17:01:00,100
734,С786АО03,2017-11-04 16:30:00,100
735,К887ХА03,2017-11-05 16:50:00,100
736,У828КЕ05,2017-11-05 17:39:00,103
737,Е797ЕУ13,2017-11-05 09:54:00,599
738,Е797ЕУ13,2017-11-05 10:02:00,100
739,Е940УК67,2017-11-05 12:36:00,239
740,Е940УК67,2017-11-05 08:49:00,173
741,Н460СХ14,2017-11-06 15:52:00,100
742,Н460СХ14,2017-11-06 14:43:00,100
743,Н460СХ14,2017-11-06 22:28:00,100
744,В007ХЕ16,2017-11-06 17:35:00,202
745,В732ЕН47,2017-11-06 16:23:00,973
746,В732ЕН47,2017-11-06 07:34:00,1161
747,В732ЕН47,2017-11-06 13:31:00,349
748,В732ЕН47,2017-11-06 13:24:00,138
749,К141ХВ54,2017-11-06 10:19:00,100
750,А894СР67,2017-11-06 07:53:00,179
751,А894СР67,2017-11-06 21:05:00,751
752,А894СР67,2017-11-06 13:28:00,100
753,А894СР67,2017-11-06 15:15:00,402
754,А894СР67,2017-11-06 08:59:00,169
755,Р187РС41,2017-11-06 22:18:00,100
756,Т363ВХ23,2017-11-06 17:07:00,126
757,Т363ВХ23,2017-11-06 10:08:00,100
758,О941КМ76,2017-11-06 20:38:00,100
759,Р100ЕУ06,2017-11-06 15:59:00,100
760,Р100ЕУ06,2017-11-06 22:05:00,100
761,Р297ТМ99,2017-11-06 19:09:00,523
762,Т666СВ68,2017-11-06 21:59:00,418
763,Т666СВ68,2017-11-06 14:18:00,100
764,Р330АК88,2017-11-06 10:53:00,344
765,Е743ВР41,2017-11-06 20:16:00,246
766,Е743ВР41,2017-11-06 21:21:00,127
767,К735СН76,2017-11-06 16:26:00,100
768,К792ХТ33,2017-11-06 19:24:00,366
769,Т486МС77,2017-11-06 10:20:00,100
770,Т486МС77,2017-11-06 07:35:00,100
771,Е473МА24,2017-11-06 17:30:00,110
772,К887ХА03,2017-11-06 17:05:00,100
773,К887ХА03,2017-11-06 12:29:00,233
774,Т363ВХ23,2017-11-07 19:40:00,100
775,Т666СВ68,2017-11-07 16:23:00,100
776,Е847ЕХ06,2017-11-07 07:35:00,265
777,Е847ЕХ06,2017-11-07 20:06:00,100
778,Т486МС77,2017-11-07 10:01:00,669
779,А894СР67,2017-11-07 15:26:00,100
780,В376КН98,2017-11-07 06:26:00,229
781,Е655ВУ75,2017-11-07 10:02:00,144
782,Е655ВУ75,2017-11-07 22:52:00,235
783,Р211МН57,2017-11-07 15:12:00,303
784,Т429АН92,2017-11-07 17:51:00,112
785,Т429АН92,2017-11-07 09:09:00,576
786,Т429АН92,2017-11-07 06:49:00,100
787,Н501ОВ40,2017-11-07 22:13:00,557
788,Н460СХ14,2017-11-07 11:30:00,329
789,Н460СХ14,2017-11-07 09:35:00,279
790,Е473МА24,2017-11-07 07:53:00,340
791,Н516ТХ61,2017-11-07 21:47:00,308
792,Н516ТХ61,2017-11-07 08:27:00,190
793,Н516ТХ61,2017-11-07 08:56:00,230
794,В329МЕ40,2017-11-07 08:26:00,100
795,В329МЕ40,2017-11-07 15:28:00,100
796,О255КН87,2017-11-07 10:49:00,233
797,Е797ЕУ13,2017-11-07 13:58:00,775
798,Е797ЕУ13,2017-11-07 22:34:00,407
799,Е797ЕУ13,2017-11-07 12:57:00,147
800,Е797ЕУ13,2017-11-07 13:17:00,229
801,М432РС19,2017-11-07 09:27:00,109
802,М432РС19,2017-11-07 09:55:00,142
803,А615ВЕ85,2017-11-07 16:44:00,244
804,А615ВЕ85,2017-11-07 06:36:00,100
805,В421ЕН42,2017-11-07 10:37:00,183
806,М656ТВ95,2017-11-07 17:46:00,122
807,М656ТВ95,2017-11-07 18:42:00,139
808,Т349ОВ85,2017-11-07 16:35:00,128
809,Х861ВТ24,2017-11-07 18:10:00,240
810,К420АМ61,2017-11-07 13:45:00,100
811,К714ОР62,2017-11-08 19:18:00,100
812,К714ОР62,2017-11-08 09:39:00,428
813,К807УМ89,2017-11-08 21:04:00,643
814,Р894ЕМ69,2017-11-08 18:39:00,407
815,У893НВ11,2017-11-08 16:48:00,100
816,Е779АН53,2017-11-08 15:22:00,238
817,Е779АН53,2017-11-08 08:31:00,113
818,Н501ОВ40,2017-11-08 12:02:00,348
819,Р330АК88,2017-11-08 14:18:00,100
820,В079РЕ21,2017-11-09 21:46:00,403
821,В079РЕ21,2017-11-09 15:27:00,300
822,В376КН98,2017-11-09 08:28:00,306
823,Н336ВК51,2017-11-09 12:01:00,100
824,Х068КР61,2017-11-09 16:11:00,274
825,Р894ЕМ69,2017-11-09 21:23:00,147
826,О502АС39,2017-11-09 18:48:00,107
827,В931КК68,2017-11-09 21:39:00,100
828,В931КК68,2017-11-09 21:04:00,257
829,В931КК68,2017-11-09 14:23:00,100
830,В007ХЕ16,2017-11-09 14:51:00,100
831,В007ХЕ16,2017-11-09 10:29:00,100
832,В007ХЕ16,2017-11-09 12:42:00,390
833,К414КВ30,2017-11-09 12:31:00,144
834,Т486МС77,2017-11-09 18:11:00,100
835,А962УК86,2017-11-09 18:14:00,100
836,В877ОО31,2017-11-09 15:11:00,100
837,Н460СХ14,2017-11-09 19:38:00,180
838,С835ЕН46,2017-11-09 12:14:00,743
839,С835ЕН46,2017-11-09 22:31:00,100
840,Р330АК88,2017-11-09 20:57:00,341
841,С786АО03,2017-11-09 20:07:00,100
842,В421ЕН42,2017-11-09 16:24:00,100
843,Н501ОВ40,2017-11-09 20:31:00,100
844,Н501ОВ40,2017-11-09 18:07:00,125
845,С835ЕН46,2017-11-10 20:39:00,100
846,С835ЕН46,2017-11-10 18:23:00,100
847,Х150ТН29,2017-11-10 13:22:00,100
848,О808АК29,2017-11-10 12:24:00,100
849,Р100ЕУ06,2017-11-10 06:22:00,100
850,О502АС39,2017-11-10 20:54:00,100
851,О502АС39,2017-11-10 11:05:00,837
852,М656ТВ95,2017-11-11 18:58:00,133
853,К177КН65,2017-11-11 06:10:00,183
854,Р330АК88,2017-11-11 10:45:00,136
855,Р330АК88,2017-11-11 19:02:00,141
856,Е779АН53,2017-11-11 20:13:00,100
857,Е779АН53,2017-11-11 06:47:00,269
858,А615ВЕ85,2017-11-11 13:14:00,100
859,А615ВЕ85,2017-11-11 16:48:00,380
860,А345ХЕ73,2017-11-11 18:01:00,100
861,А345ХЕ73,2017-11-11 12:05:00,100
862,А345ХЕ73,2017-11-11 21:53:00,256
863,Н336ВК51,2017-11-11 16:31:00,563
864,Н115ОН10,2017-11-11 12:07:00,268
865,Н115ОН10,2017-11-11 12:40:00,212
866,В421ЕН42,2017-11-11 16:05:00,249
867,К807УМ89,2017-11-11 07:09:00,864
868,Т666СВ68,2017-11-11 18:55:00,100
869,Т666СВ68,2017-11-11 06:21:00,100
870,Т666СВ68,2017-11-11 12:42:00,197
871,Т666СВ68,2017-11-11 14:27:00,135
872,Т666СВ68,2017-11-11 06:43:00,265
873,В376КН98,2017-11-11 13:58:00,176
874,О941КМ76,2017-11-11 18:40:00,232
875,В079РЕ21,2017-11-11 22:45:00,108
876,М902ТО33,2017-11-12 17:26:00,335
877,М902ТО33,2017-11-12 15:57:00,364
878,М902ТО33,2017-11-12 19:32:00,160
879,М902ТО33,2017-11-12 19:47:00,227
880,М902ТО33,2017-11-12 10:02:00,100
881,К792ХТ33,2017-11-12 20:56:00,100
882,М432РС19,2017-11-12 20:31:00,461
883,М432РС19,2017-11-12 14:11:00,100
884,М432РС19,2017-11-12 08:13:00,100
885,С835ЕН46,2017-11-12 15:48:00,100
886,Н336ВК51,2017-11-12 10:47:00,379
887,А615ВЕ85,2017-11-12 21:59:00,100
888,В421ЕН42,2017-11-12 08:30:00,485
889,Е940УК67,2017-11-12 14:56:00,152
890,Е940УК67,2017-11-12 12:20:00,248
891,Е940УК67,2017-11-12 19:13:00,665
892,О255КН87,2017-11-12 09:22:00,100
893,М313СС96,2017-11-12 16:56:00,194
894,К204ТО48,2017-11-12 15:33:00,100
895,Р819МЕ26,2017-11-12 10:41:00,132
896,Н510СМ33,2017-11-12 12:04:00,321
897,К807УМ89,2017-11-12 08:04:00,100
898,Р187РС41,2017-11-12 11:24:00,100
899,С654МТ54,2017-11-12 15:04:00,178
900,С553ТН57,2017-11-12 21:41:00,100
901,С553ТН57,2017-11-12 18:41:00,282
902,Н516ТХ61,2017-11-12 21:24:00,319
903,А345ХЕ73,2017-11-12 20:08:00,189
904,Е779АН53,2017-11-12 20:09:00,131
905,С145РВ85,2017-11-12 16:50:00,100
906,С145РВ85,2017-11-12 22:20:00,148
907,С145РВ85,2017-11-12 20:03:00,174
908,Р330АК88,2017-11-12 18:56:00,1101
909,Р211МН57,2017-11-12 17:12:00,179
910,Р211МН57,2017-11-12 20:57:00,100
911,К340ОМ85,2017-11-12 21:46:00,100
912,К340ОМ85,2017-11-12 20:11:00,100
913,К340ОМ85,2017-11-12 12:33:00,265
914,К340ОМ85,2017-11-12 16:29:00,218
915,У312ОМ11,2017-11-12 16:51:00,1064
916,У312ОМ11,2017-11-12 18:59:00,710
917,А962УК86,2017-11-12 16:32:00,100
918,Н115ОН10,2017-11-12 06:18:00,727
919,Н115ОН10,2017-11-12 19:51:00,100
920,А005СУ85,2017-11-12 07:37:00,105
921,У751УР77,2017-11-12 20:32:00,100
922,В931КК68,2017-11-12 12:59:00,100
923,К177КН65,2017-11-13 20:34:00,100
924,С654МТ54,2017-11-13 10:57:00,555
925,Т017АХ92,2017-11-13 13:41:00,149
926,Т017АХ92,2017-11-13 17:45:00,266
927,Т017АХ92,2017-11-13 15:06:00,166
928,Т017АХ92,2017-11-13 22:42:00,165
929,Т017АХ92,2017-11-13 21:33:00,100
930,К938МВ02,2017-11-13 16:06:00,105
931,В877ОО31,2017-11-13 14:21:00,406
932,В877ОО31,2017-11-13 19:54:00,100
933,Т363ВХ23,2017-11-13 17:29:00,357
934,М168ХВ70,2017-11-13 08:37:00,204
935,М168ХВ70,2017-11-13 11:38:00,181
936,Е473МА24,2017-11-13 19:46:00,100
937,К414КВ30,2017-11-13 18:45:00,444
938,Т429АН92,2017-11-13 21:02:00,100
939,А005СУ85,2017-11-13 10:54:00,303
940,А005СУ85,2017-11-13 19:30:00,134
941,А005СУ85,2017-11-13 21:30:00,100
942,А005СУ85,2017-11-13 11:13:00,100
943,Х068КР61,2017-11-13 07:54:00,100
944,Н336ВК51,2017-11-13 06:32:00,146
945,Н336ВК51,2017-11-13 16:31:00,100
946,С786АО03,2017-11-13 18:39:00,271
947,С786АО03,2017-11-13 16:23:00,241
948,Е779АН53,2017-11-13 18:58:00,265
949,Е779АН53,2017-11-13 07:06:00,100
950,Н516ТХ61,2017-11-13 13:37:00,168
951,К714ОР62,2017-11-13 12:12:00,148
952,К714ОР62,2017-11-13 07:01:00,100
953,Х861ВТ24,2017-11-13 19:10:00,680
954,У751УР77,2017-11-13 12:55:00,116
955,Р297ТМ99,2017-11-13 13:22:00,101
956,К420АМ61,2017-11-13 07:42:00,535
957,К420АМ61,2017-11-13 21:00:00,105
958,К420АМ61,2017-11-13 16:56:00,100
959,В007ХЕ16,2017-11-13 14:51:00,123
960,С667СА97,2017-11-13 19:32:00,274
961,С667СА97,2017-11-13 17:32:00,145
962,К340ОМ85,2017-11-13 17:06:00,100
963,У893НВ11,2017-11-13 09:39:00,132
964,Р211МН57,2017-11-13 06:48:00,100
965,В079РЕ21,2017-11-13 09:32:00,424
966,Р100ЕУ06,2017-11-13 21:45:00,438
967,Е797ЕУ13,2017-11-13 11:36:00,317
968,Е797ЕУ13,2017-11-13 18:18:00,100
969,В931КК68,2017-11-13 08:25:00,241
970,В931КК68,2017-11-13 10:19:00,100
971,В931КК68,2017-11-13 17:38:00,347
972,К714ОР62,2017-11-14 21:15:00,152
973,В376КН98,2017-11-14 08:39:00,100
974,М168ХВ70,2017-11-14 14:58:00,100
975,О502АС39,2017-11-14 12:15:00,201
976,М656ТВ95,2017-11-14 12:49:00,195
977,Т486МС77,2017-11-14 22:32:00,280
978,Т486МС77,2017-11-14 14:56:00,100
979,Е797ЕУ13,2017-11-14 21:49:00,236
980,Е797ЕУ13,2017-11-14 20:38:00,100
981,Е797ЕУ13,2017-11-14 15:54:00,129
982,В079РЕ21,2017-11-14 22:24:00,143
983,Х068КР61,2017-11-14 15:02:00,100
984,Р100ЕУ06,2017-11-14 18:40:00,100
985,Х150ТН29,2017-11-14 18:21:00,1094
986,Т017АХ92,2017-11-14 09:13:00,100
987,К938МВ02,2017-11-14 21:23:00,121
988,Е743ВР41,2017-11-14 20:26:00,149
989,Е743ВР41,2017-11-14 09:23:00,476
990,К792ХТ33,2017-11-14 19:34:00,100
991,Е779АН53,2017-11-15 15:20:00,100
992,Р100ЕУ06,2017-11-15 16:22:00,177
993,В931КК68,2017-11-15 10:36:00,376
994,М168ХВ70,2017-11-15 09:53:00,451
995,К204ТО48,2017-11-15 19:16:00,218
996,К204ТО48,2017-11-15 18:15:00,100
997,К414КВ30,2017-11-15 14:33:00,182
998,В082ВЕ00,2017-11-15 16:20:00,100
999,О255КН87,2017-11-15 19:50:00,100
1000,Т349ОВ85,2017-11-15 21:32:00,100
1001,Т349ОВ85,2017-11-15 12:44:00,391
1002,Т349ОВ85,2017-11-15 06:31:00,304
1003,Е069КН61,2017-11-15 20:48:00,208
1004,А345ХЕ73,2017-11-15 16:06:00,100
1005,С786АО03,2017-11-15 20:21:00,100
1006,У828КЕ05,2017-11-15 06:38:00,395
1007,К177КН65,2017-11-15 19:09:00,100
1008,В732ЕН47,2017-11-15 08:45:00,503
1009,В877ОО31,2017-11-15 15:17:00,143
1010,О941КМ76,2017-11-16 13:43:00,1180
1011,К204ТО48,2017-11-16 14:45:00,361
1012,А155СН15,2017-11-16 15:11:00,155
1013,К735СН76,2017-11-16 18:34:00,100
1014,Р894ЕМ69,2017-11-16 09:24:00,100
1015,А005СУ85,2017-11-16 12:43:00,215
1016,А005СУ85,2017-11-16 20:55:00,375
1017,Р297ТМ99,2017-11-16 20:24:00,100
1018,О502АС39,2017-11-16 11:05:00,701
1019,О502АС39,2017-11-16 14:38:00,100
1020,О502АС39,2017-11-16 13:44:00,209
1021,Т363ВХ23,2017-11-16 12:44:00,101
1022,Т363ВХ23,2017-11-16 14:25:00,100
1023,Т363ВХ23,2017-11-16 19:18:00,126
1024,Н336ВК51,2017-11-16 20:19:00,100
1025,О808АК29,2017-11-16 23:00:00,201
1026,М656ТВ95,2017-11-16 18:50:00,100
1027,М656ТВ95,2017-11-16 10:58:00,100
1028,К177КН65,2017-11-16 13:53:00,100
1029,С553ТН57,2017-11-16 06:07:00,158
1030,Х861ВТ24,2017-11-16 08:09:00,100
1031,О255КН87,2017-11-16 18:49:00,122
1032,Н460СХ14,2017-11-16 12:35:00,100
1033,Х150ТН29,2017-11-16 08:31:00,100
1034,М313СС96,2017-11-16 06:16:00,315
1035,В007ХЕ16,2017-11-16 12:05:00,100
1036,Н510СМ33,2017-11-16 12:50:00,100
1037,У893НВ11,2017-11-16 12:02:00,428
1038,Т349ОВ85,2017-11-16 17:47:00,100
1039,Т349ОВ85,2017-11-16 20:24:00,102
1040,Е069КН61,2017-11-16 13:19:00,100
1041,Е069КН61,2017-11-16 21:05:00,100
1042,К887ХА03,2017-11-16 12:02:00,263
1043,Р819МЕ26,2017-11-17 16:21:00,267
1044,К714ОР62,2017-11-17 10:32:00,100
1045,В877ОО31,2017-11-17 13:09:00,100
1046,Т794МО69,2017-11-17 14:21:00,462
1047,Р894ЕМ69,2017-11-17 14:05:00,100
1048,С667СА97,2017-11-17 20:36:00,201
1049,С667СА97,2017-11-17 21:41:00,109
1050,Т363ВХ23,2017-11-17 18:26:00,154
1051,Т363ВХ23,2017-11-17 07:37:00,453
1052,У828КЕ05,2017-11-17 14:40:00,121
1053,Е847ЕХ06,2017-11-17 06:35:00,227
1054,Р330АК88,2017-11-17 21:59:00,355
1055,Т429АН92,2017-11-17 18:43:00,176
1056,Т429АН92,2017-11-17 06:40:00,100
1057,А894СР67,2017-11-18 21:07:00,225
1058,Е743ВР41,2017-11-18 08:41:00,1020
1059,Т486МС77,2017-11-18 22:33:00,152
1060,Т486МС77,2017-11-18 18:59:00,100
1061,У828КЕ05,2017-11-18 16:42:00,280
1062,У893НВ11,2017-11-18 09:58:00,828
1063,Н501ОВ40,2017-11-18 18:51:00,100
1064,С667СА97,2017-11-18 20:26:00,224
1065,Е797ЕУ13,2017-11-18 22:03:00,337
1066,Е473МА24,2017-11-18 19:09:00,303
1067,Н115ОН10,2017-11-18 11:52:00,153
1068,Н115ОН10,2017-11-18 16:12:00,100
1069,Н115ОН10,2017-11-18 10:19:00,100
1070,С145РВ85,2017-11-18 13:51:00,100
1071,С145РВ85,2017-11-18 15:59:00,359
1072,Р819МЕ26,2017-11-18 06:46:00,171
1073,Р819МЕ26,2017-11-18 20:04:00,100
1074,Р819МЕ26,2017-11-18 21:53:00,298
1075,Р819МЕ26,2017-11-18 14:17:00,100
1076,К414КВ30,2017-11-18 10:25:00,290
1077,М313СС96,2017-11-18 06:05:00,100
1078,О941КМ76,2017-11-18 12:37:00,189
1079,О941КМ76,2017-11-18 10:36:00,506
1080,Е940УК67,2017-11-18 07:16:00,100
1081,Е940УК67,2017-11-18 08:37:00,169
1082,Е940УК67,2017-11-18 17:22:00,519
1083,Е940УК67,2017-11-18 10:42:00,287
1084,Е940УК67,2017-11-18 10:10:00,100
1085,С654МТ54,2017-11-18 10:39:00,173
1086,Н510СМ33,2017-11-18 10:35:00,183
1087,Н510СМ33,2017-11-18 09:10:00,100
1088,Р297ТМ99,2017-11-18 12:07:00,327
1089,К420АМ61,2017-11-18 07:10:00,116
1090,К420АМ61,2017-11-18 20:17:00,100
1091,С835ЕН46,2017-11-19 11:07:00,538
1092,М656ТВ95,2017-11-19 12:07:00,143
1093,Н501ОВ40,2017-11-19 21:33:00,286
1094,Т349ОВ85,2017-11-19 12:15:00,165
1095,Т349ОВ85,2017-11-19 06:14:00,222
1096,А155СН15,2017-11-19 14:25:00,158
1097,М313СС96,2017-11-19 11:34:00,244
1098,М313СС96,2017-11-19 07:06:00,100
1099,О255КН87,2017-11-19 17:59:00,100
1100,О255КН87,2017-11-19 08:43:00,100
1101,О255КН87,2017-11-19 07:00:00,217
1102,К414КВ30,2017-11-19 07:59:00,231
1103,К414КВ30,2017-11-19 17:29:00,224
1104,К414КВ30,2017-11-19 12:04:00,205
1105,К714ОР62,2017-11-19 19:13:00,255
1106,Е069КН61,2017-11-19 07:00:00,250
1107,Р297ТМ99,2017-11-20 12:09:00,207
1108,А345ХЕ73,2017-11-20 07:24:00,317
1109,Е940УК67,2017-11-20 16:16:00,319
1110,Т794МО69,2017-11-20 15:10:00,671
1111,К807УМ89,2017-11-20 12:28:00,100
1112,К807УМ89,2017-11-20 20:57:00,346
1113,У828КЕ05,2017-11-20 11:07:00,100
1114,С786АО03,2017-11-20 14:17:00,821
1115,В329МЕ40,2017-11-20 10:39:00,100
1116,К177КН65,2017-11-20 21:56:00,177
1117,К177КН65,2017-11-20 13:10:00,147
1118,Т666СВ68,2017-11-20 09:04:00,429
1119,Р187РС41,2017-11-20 10:40:00,231
1120,Р187РС41,2017-11-20 08:52:00,290
1121,Т349ОВ85,2017-11-20 15:09:00,100
1122,Т349ОВ85,2017-11-20 13:03:00,100
1123,Т349ОВ85,2017-11-20 10:33:00,100
1124,С835ЕН46,2017-11-20 20:31:00,140
1125,С835ЕН46,2017-11-20 17:47:00,100
1126,В877ОО31,2017-11-21 21:40:00,403
1127,В877ОО31,2017-11-21 15:53:00,171
1128,Х150ТН29,2017-11-21 14:58:00,127
1129,К177КН65,2017-11-21 12:39:00,155
1130,К177КН65,2017-11-21 10:20:00,100
1131,Н501ОВ40,2017-11-21 17:51:00,110
1132,Е940УК67,2017-11-21 11:39:00,149
1133,Е940УК67,2017-11-21 15:16:00,150
1134,О808АК29,2017-11-21 06:09:00,318
1135,Т363ВХ23,2017-11-22 20:19:00,106
1136,Н115ОН10,2017-11-22 09:41:00,267
1137,Н115ОН10,2017-11-22 09:29:00,110
1138,С835ЕН46,2017-11-22 22:47:00,100
1139,К414КВ30,2017-11-22 17:22:00,169
1140,Р090СВ72,2017-11-22 10:19:00,100
1141,Р090СВ72,2017-11-22 16:17:00,146
1142,Р090СВ72,2017-11-22 15:01:00,183
1143,Р187РС41,2017-11-22 09:59:00,536
1144,Р187РС41,2017-11-22 17:28:00,343
1145,К420АМ61,2017-11-22 15:53:00,844
1146,К735СН76,2017-11-22 06:46:00,182
1147,Е940УК67,2017-11-22 08:10:00,346
1148,Е940УК67,2017-11-22 19:03:00,100
1149,Е779АН53,2017-11-22 15:39:00,116
1150,Е779АН53,2017-11-22 15:45:00,100
1151,Е779АН53,2017-11-22 18:04:00,445
1152,Е779АН53,2017-11-22 17:47:00,100
1153,Е779АН53,2017-11-22 21:32:00,100
1154,Р330АК88,2017-11-22 17:16:00,100
1155,Н516ТХ61,2017-11-22 16:51:00,558
1156,М168ХВ70,2017-11-23 07:23:00,122
1157,М168ХВ70,2017-11-23 07:32:00,230
1158,Р100ЕУ06,2017-11-23 12:45:00,100
1159,М432РС19,2017-11-23 09:39:00,132
1160,М432РС19,2017-11-23 18:55:00,100
1161,Е069КН61,2017-11-23 06:21:00,360
1162,Н516ТХ61,2017-11-23 18:57:00,360
1163,Е743ВР41,2017-11-23 21:08:00,255
1164,Т486МС77,2017-11-23 08:59:00,209
1165,Т486МС77,2017-11-23 22:51:00,100
1166,Х150ТН29,2017-11-23 15:39:00,100
1167,Х150ТН29,2017-11-23 09:42:00,173
1168,Х150ТН29,2017-11-23 14:56:00,100
1169,Х150ТН29,2017-11-23 11:13:00,441
1170,Х150ТН29,2017-11-23 07:26:00,304
1171,Р187РС41,2017-11-23 07:08:00,107
1172,С667СА97,2017-11-23 15:09:00,157
1173,С667СА97,2017-11-23 12:41:00,411
1174,В421ЕН42,2017-11-23 22:08:00,340
1175,А155СН15,2017-11-23 08:35:00,100
1176,А155СН15,2017-11-23 22:00:00,100
1177,О255КН87,2017-11-23 19:16:00,295
1178,О255КН87,2017-11-23 09:48:00,217
1179,К414КВ30,2017-11-23 19:28:00,100
1180,Р894ЕМ69,2017-11-23 08:48:00,100
1181,Р894ЕМ69,2017-11-23 20:51:00,160
1182,Р090СВ72,2017-11-23 16:47:00,100
1183,В329МЕ40,2017-11-23 10:09:00,390
1184,Р330АК88,2017-11-23 17:50:00,112
1185,Р330АК88,2017-11-23 14:21:00,538
1186,С786АО03,2017-11-23 11:30:00,397
1187,С835ЕН46,2017-11-23 19:43:00,100
1188,Т429АН92,2017-11-23 16:07:00,100
1189,Т349ОВ85,2017-11-23 11:56:00,144
1190,А345ХЕ73,2017-11-23 13:57:00,100
1191,А345ХЕ73,2017-11-23 07:22:00,143
1192,А345ХЕ73,2017-11-23 19:45:00,100
1193,А345ХЕ73,2017-11-23 13:09:00,405
1194,А345ХЕ73,2017-11-23 20:03:00,100
1195,М313СС96,2017-11-23 18:03:00,292
1196,К938МВ02,2017-11-23 11:31:00,100
1197,К938МВ02,2017-11-23 17:44:00,100
1198,К938МВ02,2017-11-23 08:54:00,100
1199,К938МВ02,2017-11-23 12:29:00,104
1200,В082ВЕ00,2017-11-23 13:46:00,149
1201,А005СУ85,2017-11-23 16:22:00,124
1202,У312ОМ11,2017-11-23 12:16:00,709
1203,А962УК86,2017-11-23 20:17:00,406
1204,В931КК68,2017-11-23 22:28:00,517
1205,Р819МЕ26,2017-11-23 16:40:00,190
1206,Х068КР61,2017-11-23 18:30:00,100
1207,Е473МА24,2017-11-23 12:25:00,128
1208,М432РС19,2017-11-24 15:17:00,100
1209,М432РС19,2017-11-24 18:39:00,100
1210,В421ЕН42,2017-11-24 10:31:00,284
1211,В421ЕН42,2017-11-24 16:44:00,173
1212,К807УМ89,2017-11-24 15:58:00,100
1213,А615ВЕ85,2017-11-25 16:32:00,193
1214,А894СР67,2017-11-25 11:21:00,617
1215,А894СР67,2017-11-25 06:35:00,100
1216,А894СР67,2017-11-25 13:59:00,100
1217,А894СР67,2017-11-25 11:35:00,101
1218,А894СР67,2017-11-25 12:10:00,342
1219,С145РВ85,2017-11-25 20:37:00,100
1220,А962УК86,2017-11-27 08:27:00,100
1221,А962УК86,2017-11-27 06:02:00,761
1222,К141ХВ54,2017-11-27 08:31:00,124
1223,Р211МН57,2017-11-27 08:47:00,102
1224,Р211МН57,2017-11-27 10:34:00,231
1225,У828КЕ05,2017-11-27 20:23:00,142
1226,Е847ЕХ06,2017-11-27 12:31:00,693
1227,Р894ЕМ69,2017-11-27 07:00:00,423
1228,Т017АХ92,2017-11-27 08:35:00,691
1229,Т794МО69,2017-11-27 21:12:00,425
1230,С786АО03,2017-11-27 18:10:00,100
1231,К204ТО48,2017-11-27 12:41:00,300
1232,К204ТО48,2017-11-27 07:03:00,141
1233,А345ХЕ73,2017-11-27 07:30:00,204
1234,Е797ЕУ13,2017-11-27 11:02:00,114
1235,Р100ЕУ06,2017-11-27 15:21:00,126
1236,Р100ЕУ06,2017-11-27 08:44:00,183
1237,Р100ЕУ06,2017-11-27 13:44:00,236
1238,Р100ЕУ06,2017-11-27 16:10:00,100
1239,Р100ЕУ06,2017-11-27 13:56:00,100
1240,Р100ЕУ06,2017-11-27 16:52:00,100
1241,Е069КН61,2017-11-27 16:31:00,100
1242,С667СА97,2017-11-27 18:46:00,100
1243,С667СА97,2017-11-27 10:47:00,322
1244,А005СУ85,2017-11-27 13:46:00,100
1245,А005СУ85,2017-11-27 15:26:00,330
1246,А005СУ85,2017-11-27 09:59:00,179
1247,В079РЕ21,2017-11-27 13:25:00,144
1248,С553ТН57,2017-11-27 16:33:00,225
1249,О502АС39,2017-11-27 21:56:00,100
1250,О502АС39,2017-11-27 06:25:00,100
1251,К714ОР62,2017-11-27 21:50:00,140
1252,К420АМ61,2017-11-28 15:29:00,100
1253,К420АМ61,2017-11-28 06:22:00,415
1254,Н362НВ99,2017-11-28 18:01:00,139
1255,Р330АК88,2017-11-28 18:20:00,142
1256,Р330АК88,2017-11-28 11:32:00,100
1257,Н516ТХ61,2017-11-28 22:27:00,100
1258,К141ХВ54,2017-11-28 16:54:00,117
1259,К141ХВ54,2017-11-28 16:40:00,205
1260,Н460СХ14,2017-11-28 08:59:00,190
1261,С667СА97,2017-11-28 10:49:00,100
1262,С667СА97,2017-11-28 16:41:00,142
1263,Е655ВУ75,2017-11-28 19:43:00,101
1264,С835ЕН46,2017-11-28 19:27:00,183
1265,Х068КР61,2017-11-28 08:26:00,100
1266,Т017АХ92,2017-11-28 16:48:00,242
1267,Т017АХ92,2017-11-28 16:44:00,142
1268,Т017АХ92,2017-11-28 10:39:00,174
1269,А962УК86,2017-11-28 15:13:00,139
1270,А962УК86,2017-11-28 16:02:00,100
1271,А962УК86,2017-11-28 08:43:00,100
1272,А962УК86,2017-11-28 16:32:00,100
1273,Р819МЕ26,2017-11-28 12:35:00,100
1274,А155СН15,2017-11-28 11:04:00,100
1275,А155СН15,2017-11-28 07:16:00,100
1276,К735СН76,2017-11-28 17:37:00,118
1277,Р100ЕУ06,2017-11-28 11:11:00,316
1278,Р211МН57,2017-11-28 06:07:00,470
1279,Е743ВР41,2017-11-28 08:49:00,100
1280,Е797ЕУ13,2017-11-28 22:25:00,100
1281,Т349ОВ85,2017-11-28 08:37:00,174
1282,В931КК68,2017-11-28 12:21:00,313
1283,В931КК68,2017-11-28 17:59:00,100
1284,В931КК68,2017-11-28 06:17:00,220
1285,Т429АН92,2017-11-28 15:53:00,408
1286,Т429АН92,2017-11-28 17:00:00,100
1287,В732ЕН47,2017-11-28 14:41:00,100
1288,В732ЕН47,2017-11-28 22:36:00,100
1289,В082ВЕ00,2017-11-28 16:30:00,204
1290,Х150ТН29,2017-11-28 12:59:00,100
1291,Т363ВХ23,2017-11-29 16:10:00,121
1292,Т363ВХ23,2017-11-29 13:39:00,100
1293,О255КН87,2017-11-29 07:04:00,100
1294,В421ЕН42,2017-11-29 10:48:00,214
1295,Н336ВК51,2017-11-29 09:20:00,100
1296,А894СР67,2017-11-29 16:53:00,297
