id,user_id,car_id,rented_on
1,433,73,2017-10-01
2,530,72,2017-10-01
3,28,65,2017-10-01
4,247,41,2017-10-01
5,741,62,2017-10-01
6,571,80,2017-10-01
7,560,78,2017-10-01
8,426,17,2017-10-01
9,7,77,2017-10-01
10,503,15,2017-10-01
11,99,34,2017-10-01
12,429,69,2017-10-01
13,76,67,2017-10-01
14,381,42,2017-10-01
15,518,52,2017-10-01
16,224,75,2017-10-01
17,583,38,2017-10-01
18,743,70,2017-10-01
19,297,79,2017-10-01
20,21,25,2017-10-01
21,472,53,2017-10-01
22,184,9,2017-10-01
23,214,20,2017-10-01
24,412,71,2017-10-01
25,199,12,2017-10-01
26,680,60,2017-10-01
27,90,24,2017-10-01
28,505,50,2017-10-01
29,95,10,2017-10-01
30,580,5,2017-10-01
31,539,3,2017-10-01
32,131,4,2017-10-01
33,699,51,2017-10-01
34,758,47,2017-10-01
35,598,26,2017-10-01
36,192,32,2017-10-01
37,761,48,2017-10-01
38,220,54,2017-10-01
39,151,22,2017-10-01
40,373,27,2017-10-01
41,32,74,2017-10-01
42,700,56,2017-10-01
43,148,36,2017-10-01
44,564,30,2017-10-01
45,86,2,2017-10-01
46,229,39,2017-10-01
47,776,35,2017-10-01
48,437,11,2017-10-01
49,597,13,2017-10-01
50,246,55,2017-10-01
51,74,6,2017-10-01
52,384,44,2017-10-01
53,728,75,2017-10-02
54,113,70,2017-10-02
55,465,18,2017-10-02
56,237,44,2017-10-02
57,134,1,2017-10-02
58,575,73,2017-10-02
59,156,59,2017-10-02
60,328,41,2017-10-02
61,257,40,2017-10-02
62,606,47,2017-10-02
63,119,52,2017-10-02
64,478,38,2017-10-02
65,11,54,2017-10-02
66,467,48,2017-10-02
67,23,37,2017-10-02
68,6,77,2017-10-02
69,424,74,2017-10-02
70,601,79,2017-10-02
71,186,14,2017-10-02
72,655,25,2017-10-02
73,73,50,2017-10-02
74,22,71,2017-10-02
75,129,42,2017-10-02
76,289,62,2017-10-02
77,400,60,2017-10-02
78,225,55,2017-10-02
79,526,28,2017-10-02
80,331,12,2017-10-02
81,9,13,2017-10-02
82,618,43,2017-10-02
83,70,66,2017-10-02
84,248,6,2017-10-02
85,120,27,2017-10-02
86,596,68,2017-10-02
87,640,24,2017-10-02
88,626,61,2017-10-02
89,755,64,2017-10-02
90,96,22,2017-10-02
91,717,63,2017-10-02
92,539,65,2017-10-02
93,94,32,2017-10-02
94,763,57,2017-10-02
95,89,67,2017-10-02
96,83,80,2017-10-02
97,525,35,2017-10-02
98,189,17,2017-10-02
99,87,53,2017-10-02
100,726,31,2017-10-02
101,690,46,2017-10-02
102,717,4,2017-10-03
103,619,74,2017-10-03
104,265,69,2017-10-03
105,214,37,2017-10-03
106,697,80,2017-10-03
107,72,43,2017-10-03
108,310,30,2017-10-03
109,396,40,2017-10-03
110,372,31,2017-10-03
111,446,76,2017-10-03
112,722,61,2017-10-03
113,59,6,2017-10-03
114,96,14,2017-10-03
115,205,50,2017-10-03
116,770,38,2017-10-03
117,469,45,2017-10-03
118,611,18,2017-10-03
119,606,29,2017-10-03
120,433,41,2017-10-03
121,640,62,2017-10-03
122,430,49,2017-10-03
123,34,53,2017-10-03
124,284,12,2017-10-04
125,146,77,2017-10-04
126,311,68,2017-10-04
127,201,79,2017-10-04
128,484,53,2017-10-04
129,117,42,2017-10-04
130,673,9,2017-10-04
131,736,58,2017-10-04
132,527,15,2017-10-04
133,710,64,2017-10-05
134,540,15,2017-10-05
135,671,37,2017-10-05
136,13,79,2017-10-05
137,572,18,2017-10-05
138,26,80,2017-10-05
139,289,1,2017-10-05
140,190,71,2017-10-05
141,120,12,2017-10-05
142,366,40,2017-10-05
143,580,31,2017-10-05
144,601,25,2017-10-05
145,756,65,2017-10-05
146,216,45,2017-10-05
147,42,28,2017-10-05
148,20,53,2017-10-05
149,233,21,2017-10-05
150,108,22,2017-10-05
151,773,54,2017-10-05
152,62,26,2017-10-05
153,337,63,2017-10-05
154,762,61,2017-10-05
155,656,20,2017-10-05
156,257,50,2017-10-05
157,158,29,2017-10-05
158,207,30,2017-10-05
159,501,34,2017-10-05
160,219,56,2017-10-05
161,586,60,2017-10-05
162,498,5,2017-10-05
163,138,7,2017-10-05
164,458,4,2017-10-05
165,130,14,2017-10-05
166,638,52,2017-10-05
167,208,57,2017-10-05
168,254,44,2017-10-05
169,313,59,2017-10-05
170,239,75,2017-10-05
171,84,13,2017-10-05
172,103,23,2017-10-05
173,367,55,2017-10-05
174,417,49,2017-10-05
175,686,67,2017-10-05
176,503,78,2017-10-05
177,52,46,2017-10-05
178,48,9,2017-10-05
179,695,11,2017-10-05
180,249,43,2017-10-05
181,488,47,2017-10-05
182,755,70,2017-10-05
183,144,66,2017-10-05
184,733,17,2017-10-05
185,567,41,2017-10-05
186,256,77,2017-10-05
187,528,68,2017-10-05
188,353,48,2017-10-05
189,269,72,2017-10-05
190,227,3,2017-10-05
191,751,19,2017-10-05
192,753,73,2017-10-05
193,229,35,2017-10-05
194,414,2,2017-10-05
195,570,27,2017-10-05
196,7,16,2017-10-05
197,125,6,2017-10-05
198,351,42,2017-10-05
199,132,51,2017-10-05
200,205,1,2017-10-06
201,277,5,2017-10-06
202,147,80,2017-10-06
203,554,29,2017-10-06
204,659,20,2017-10-06
205,64,69,2017-10-06
206,449,59,2017-10-06
207,646,61,2017-10-06
208,583,8,2017-10-06
209,480,67,2017-10-06
210,102,23,2017-10-06
211,612,47,2017-10-06
212,304,30,2017-10-06
213,335,70,2017-10-06
214,753,10,2017-10-06
215,720,65,2017-10-06
216,48,38,2017-10-06
217,379,76,2017-10-06
218,106,49,2017-10-06
219,532,75,2017-10-06
220,328,17,2017-10-06
221,777,16,2017-10-06
222,470,43,2017-10-06
223,446,19,2017-10-06
224,694,26,2017-10-06
225,254,79,2017-10-06
226,195,25,2017-10-06
227,596,68,2017-10-06
228,638,48,2017-10-06
229,525,11,2017-10-06
230,30,73,2017-10-06
231,684,60,2017-10-06
232,558,3,2017-10-06
233,240,58,2017-10-06
234,729,27,2017-10-06
235,74,2,2017-10-06
236,18,52,2017-10-06
237,622,64,2017-10-06
238,653,9,2017-10-06
239,203,33,2017-10-06
240,693,6,2017-10-06
241,408,4,2017-10-06
242,522,44,2017-10-06
243,197,22,2017-10-06
244,57,18,2017-10-06
245,176,57,2017-10-06
246,207,15,2017-10-06
247,506,74,2017-10-06
248,772,34,2017-10-06
249,411,13,2017-10-06
250,306,53,2017-10-06
251,410,63,2017-10-06
252,80,36,2017-10-06
253,557,24,2017-10-06
254,514,42,2017-10-06
255,500,72,2017-10-06
256,503,51,2017-10-06
257,715,45,2017-10-06
258,345,35,2017-10-06
259,265,77,2017-10-06
260,273,54,2017-10-06
261,250,66,2017-10-06
262,697,55,2017-10-06
263,61,46,2017-10-06
264,438,39,2017-10-06
265,202,32,2017-10-06
266,414,28,2017-10-06
267,436,78,2017-10-06
268,284,37,2017-10-06
269,717,41,2017-10-06
270,428,14,2017-10-06
271,626,12,2017-10-06
272,542,71,2017-10-06
273,520,7,2017-10-06
274,731,21,2017-10-06
275,581,50,2017-10-06
276,356,40,2017-10-06
277,365,56,2017-10-06
278,675,19,2017-10-07
279,155,63,2017-10-07
280,329,47,2017-10-08
281,155,62,2017-10-08
282,296,6,2017-10-08
283,456,20,2017-10-08
284,99,2,2017-10-08
285,394,36,2017-10-08
286,632,73,2017-10-08
287,158,33,2017-10-08
288,660,7,2017-10-08
289,327,5,2017-10-08
290,524,61,2017-10-08
291,341,78,2017-10-08
292,703,68,2017-10-08
293,596,8,2017-10-08
294,614,16,2017-10-08
295,628,30,2017-10-08
296,249,71,2017-10-08
297,255,48,2017-10-08
298,642,80,2017-10-08
299,372,17,2017-10-08
300,306,10,2017-10-08
301,222,56,2017-10-08
302,192,41,2017-10-08
303,517,23,2017-10-08
304,547,1,2017-10-08
305,471,12,2017-10-08
306,124,27,2017-10-08
307,470,28,2017-10-08
308,477,15,2017-10-08
309,696,63,2017-10-08
310,142,60,2017-10-08
311,680,67,2017-10-08
312,421,31,2017-10-08
313,300,52,2017-10-08
314,460,43,2017-10-08
315,359,39,2017-10-08
316,21,21,2017-10-08
317,70,22,2017-10-08
318,629,13,2017-10-08
319,510,46,2017-10-08
320,214,79,2017-10-08
321,573,45,2017-10-08
322,677,44,2017-10-08
323,695,64,2017-10-08
324,716,70,2017-10-08
325,433,40,2017-10-08
326,232,18,2017-10-08
327,564,50,2017-10-08
328,340,75,2017-10-08
329,467,38,2017-10-08
330,483,25,2017-10-08
331,358,9,2017-10-08
332,721,77,2017-10-08
333,29,74,2017-10-08
334,96,51,2017-10-08
335,537,37,2017-10-08
336,283,14,2017-10-08
337,216,69,2017-10-08
338,496,26,2017-10-08
339,252,29,2017-10-08
340,363,55,2017-10-08
341,120,59,2017-10-08
342,758,42,2017-10-08
343,156,58,2017-10-08
344,423,4,2017-10-08
345,686,39,2017-10-09
346,245,66,2017-10-09
347,776,9,2017-10-09
348,460,19,2017-10-09
349,707,45,2017-10-09
350,428,62,2017-10-09
351,468,43,2017-10-09
352,599,29,2017-10-09
353,248,26,2017-10-09
354,728,72,2017-10-09
355,769,15,2017-10-09
356,136,65,2017-10-09
357,74,53,2017-10-09
358,754,60,2017-10-09
359,185,24,2017-10-09
360,11,27,2017-10-09
361,476,14,2017-10-09
362,564,2,2017-10-09
363,587,30,2017-10-09
364,611,80,2017-10-09
365,58,58,2017-10-09
366,379,67,2017-10-09
367,240,70,2017-10-09
368,674,44,2017-10-09
369,507,10,2017-10-09
370,364,78,2017-10-09
371,321,31,2017-10-09
372,278,47,2017-10-09
373,267,18,2017-10-09
374,489,54,2017-10-09
375,410,35,2017-10-09
376,395,16,2017-10-09
377,348,3,2017-10-09
378,35,28,2017-10-09
379,9,75,2017-10-09
380,751,71,2017-10-09
381,613,32,2017-10-09
382,657,22,2017-10-09
383,54,7,2017-10-09
384,208,23,2017-10-09
385,220,55,2017-10-09
386,219,69,2017-10-09
387,384,79,2017-10-09
388,665,49,2017-10-09
389,392,21,2017-10-10
390,266,48,2017-10-10
391,163,23,2017-10-11
392,133,76,2017-10-11
393,622,33,2017-10-11
394,470,25,2017-10-11
395,569,57,2017-10-11
396,386,64,2017-10-11
397,242,12,2017-10-11
398,752,67,2017-10-11
399,187,59,2017-10-11
400,521,27,2017-10-11
401,250,14,2017-10-11
402,11,35,2017-10-11
403,408,79,2017-10-11
404,414,13,2017-10-12
405,469,8,2017-10-12
406,88,44,2017-10-12
407,327,9,2017-10-12
408,81,74,2017-10-12
409,275,59,2017-10-12
410,476,76,2017-10-12
411,512,56,2017-10-12
412,775,22,2017-10-12
413,544,58,2017-10-12
414,703,15,2017-10-12
415,560,77,2017-10-12
416,665,72,2017-10-12
417,354,47,2017-10-12
418,165,79,2017-10-12
419,386,71,2017-10-12
420,631,5,2017-10-12
421,363,49,2017-10-12
422,28,43,2017-10-12
423,765,32,2017-10-12
424,15,46,2017-10-12
425,219,33,2017-10-12
426,399,41,2017-10-12
427,482,69,2017-10-12
428,331,17,2017-10-12
429,753,30,2017-10-12
430,734,35,2017-10-12
431,231,61,2017-10-12
432,174,39,2017-10-12
433,286,36,2017-10-12
434,194,16,2017-10-12
435,135,67,2017-10-12
436,229,60,2017-10-12
437,357,14,2017-10-12
438,119,68,2017-10-12
439,537,18,2017-10-12
440,594,4,2017-10-12
441,216,24,2017-10-12
442,448,54,2017-10-12
443,217,10,2017-10-12
444,617,2,2017-10-13
445,326,38,2017-10-13
446,340,1,2017-10-13
447,675,43,2017-10-13
448,239,18,2017-10-13
449,609,62,2017-10-13
450,569,67,2017-10-13
451,158,3,2017-10-13
452,229,48,2017-10-13
453,124,66,2017-10-13
454,478,72,2017-10-13
455,197,5,2017-10-13
456,720,44,2017-10-13
457,159,69,2017-10-13
458,192,11,2017-10-13
459,591,77,2017-10-13
460,475,68,2017-10-13
461,336,73,2017-10-13
462,2,36,2017-10-13
463,621,54,2017-10-13
464,261,79,2017-10-13
465,416,60,2017-10-13
466,249,13,2017-10-13
467,149,37,2017-10-13
468,698,9,2017-10-13
469,388,46,2017-10-13
470,559,58,2017-10-13
471,644,64,2017-10-13
472,315,80,2017-10-13
473,502,31,2017-10-13
474,72,17,2017-10-13
475,39,15,2017-10-13
476,472,30,2017-10-13
477,765,12,2017-10-13
478,735,55,2017-10-13
479,750,8,2017-10-13
480,455,25,2017-10-13
481,351,70,2017-10-13
482,481,61,2017-10-13
483,674,59,2017-10-13
484,710,32,2017-10-13
485,522,56,2017-10-13
486,241,50,2017-10-13
487,577,21,2017-10-13
488,568,78,2017-10-13
489,64,28,2017-10-13
490,36,26,2017-10-13
491,165,71,2017-10-13
492,31,75,2017-10-14
493,97,10,2017-10-14
494,411,46,2017-10-14
495,756,65,2017-10-14
496,360,77,2017-10-14
497,22,20,2017-10-15
498,627,38,2017-10-15
499,376,47,2017-10-15
500,475,23,2017-10-15
501,260,57,2017-10-15
502,465,52,2017-10-15
503,461,31,2017-10-15
504,116,13,2017-10-15
505,391,9,2017-10-15
506,142,46,2017-10-15
507,518,4,2017-10-15
508,40,67,2017-10-15
509,279,78,2017-10-15
510,463,42,2017-10-15
511,748,21,2017-10-15
512,77,39,2017-10-15
513,121,16,2017-10-15
514,309,37,2017-10-15
515,244,25,2017-10-15
516,555,56,2017-10-15
517,645,58,2017-10-15
518,101,71,2017-10-15
519,524,48,2017-10-15
520,622,45,2017-10-15
521,713,55,2017-10-15
522,268,7,2017-10-15
523,211,43,2017-10-15
524,583,49,2017-10-15
525,311,27,2017-10-15
526,441,76,2017-10-15
527,544,41,2017-10-15
528,231,31,2017-10-16
529,674,59,2017-10-16
530,555,3,2017-10-16
531,6,65,2017-10-16
532,547,70,2017-10-16
533,337,78,2017-10-16
534,50,34,2017-10-16
535,722,39,2017-10-16
536,450,29,2017-10-16
537,688,6,2017-10-16
538,687,46,2017-10-16
539,681,50,2017-10-16
540,658,64,2017-10-16
541,35,11,2017-10-16
542,191,61,2017-10-16
543,215,54,2017-10-16
544,380,5,2017-10-16
545,189,38,2017-10-16
546,621,66,2017-10-16
547,144,41,2017-10-16
548,338,1,2017-10-16
549,516,47,2017-10-16
550,367,14,2017-10-16
551,672,37,2017-10-16
552,452,16,2017-10-16
553,227,53,2017-10-16
554,43,23,2017-10-16
555,530,9,2017-10-16
556,223,15,2017-10-16
557,449,43,2017-10-16
558,454,13,2017-10-16
559,249,48,2017-10-16
560,211,72,2017-10-16
561,96,74,2017-10-16
562,647,68,2017-10-16
563,228,62,2017-10-16
564,769,73,2017-10-16
565,682,42,2017-10-16
566,41,45,2017-10-16
567,481,32,2017-10-16
568,293,58,2017-10-16
569,606,20,2017-10-16
570,579,57,2017-10-16
571,757,2,2017-10-16
572,283,28,2017-10-16
573,542,21,2017-10-16
574,17,77,2017-10-16
575,57,36,2017-10-16
576,613,8,2017-10-16
577,44,49,2017-10-16
578,294,52,2017-10-16
579,605,60,2017-10-16
580,52,79,2017-10-16
581,650,7,2017-10-16
582,265,22,2017-10-16
583,594,71,2017-10-16
584,774,4,2017-10-16
585,529,69,2017-10-16
586,315,80,2017-10-16
587,700,76,2017-10-16
588,220,56,2017-10-16
589,176,12,2017-10-16
590,368,17,2017-10-16
591,263,30,2017-10-16
592,705,25,2017-10-16
593,291,18,2017-10-16
594,650,41,2017-10-17
595,503,22,2017-10-17
596,313,38,2017-10-17
597,89,75,2017-10-17
598,643,19,2017-10-17
599,256,70,2017-10-17
600,76,27,2017-10-17
601,57,3,2017-10-17
602,8,49,2017-10-17
603,333,1,2017-10-17
604,430,53,2017-10-17
605,94,15,2017-10-17
606,287,2,2017-10-17
607,627,13,2017-10-17
608,6,21,2017-10-17
609,11,11,2017-10-17
610,162,12,2017-10-17
611,677,78,2017-10-17
612,483,62,2017-10-17
613,482,25,2017-10-17
614,621,56,2017-10-17
615,745,65,2017-10-17
616,769,74,2017-10-17
617,163,44,2017-10-17
618,637,18,2017-10-17
619,426,55,2017-10-17
620,39,40,2017-10-17
621,139,67,2017-10-17
622,216,66,2017-10-17
623,27,50,2017-10-17
624,14,36,2017-10-17
625,598,76,2017-10-17
626,666,80,2017-10-17
627,736,6,2017-10-17
628,623,30,2017-10-17
629,388,14,2017-10-17
630,407,51,2017-10-17
631,226,24,2017-10-17
632,779,28,2017-10-17
633,717,57,2017-10-17
634,593,72,2017-10-17
635,211,77,2017-10-17
636,283,26,2017-10-17
637,571,33,2017-10-17
638,741,10,2017-10-17
639,355,8,2017-10-17
640,663,42,2017-10-17
641,381,17,2017-10-17
642,542,69,2017-10-17
643,706,31,2017-10-17
644,579,16,2017-10-17
645,534,7,2017-10-17
646,665,48,2017-10-17
647,64,45,2017-10-17
648,453,46,2017-10-17
649,392,39,2017-10-17
650,511,54,2017-10-17
651,138,79,2017-10-17
652,253,71,2017-10-17
653,466,5,2017-10-17
654,23,80,2017-10-18
655,643,34,2017-10-18
656,365,48,2017-10-18
657,710,45,2017-10-18
658,122,16,2017-10-18
659,736,3,2017-10-18
660,291,10,2017-10-18
661,582,9,2017-10-18
662,362,18,2017-10-18
663,32,62,2017-10-18
664,700,38,2017-10-18
665,560,49,2017-10-18
666,481,5,2017-10-18
667,416,64,2017-10-18
668,767,2,2017-10-18
669,215,58,2017-10-18
670,245,66,2017-10-18
671,659,35,2017-10-18
672,529,79,2017-10-18
673,605,1,2017-10-18
674,385,72,2017-10-18
675,85,51,2017-10-18
676,169,17,2017-10-18
677,239,14,2017-10-18
678,242,30,2017-10-18
679,149,12,2017-10-18
680,350,69,2017-10-18
681,29,55,2017-10-18
682,272,44,2017-10-18
683,693,76,2017-10-18
684,302,31,2017-10-18
685,772,6,2017-10-18
686,780,19,2017-10-18
687,662,50,2017-10-18
688,20,68,2017-10-18
689,468,33,2017-10-18
690,556,74,2017-10-18
691,125,27,2017-10-18
692,392,8,2017-10-18
693,53,37,2017-10-18
694,419,56,2017-10-18
695,70,11,2017-10-18
696,663,40,2017-10-18
697,67,71,2017-10-18
698,756,43,2017-10-18
699,103,22,2017-10-18
700,415,28,2017-10-18
701,47,20,2017-10-18
702,208,32,2017-10-18
703,656,57,2017-10-18
704,646,69,2017-10-19
705,36,78,2017-10-19
706,256,22,2017-10-20
707,506,19,2017-10-20
708,297,14,2017-10-20
709,394,24,2017-10-20
710,661,27,2017-10-20
711,3,3,2017-10-20
712,114,38,2017-10-20
713,60,1,2017-10-20
714,339,34,2017-10-20
715,518,10,2017-10-20
716,596,9,2017-10-20
717,416,63,2017-10-20
718,100,29,2017-10-20
719,154,66,2017-10-20
720,553,42,2017-10-20
721,766,12,2017-10-20
722,355,70,2017-10-20
723,378,76,2017-10-20
724,211,59,2017-10-20
725,680,47,2017-10-20
726,261,13,2017-10-20
727,490,71,2017-10-20
728,70,7,2017-10-20
729,678,62,2017-10-20
730,135,77,2017-10-20
731,300,18,2017-10-20
732,143,40,2017-10-20
733,708,41,2017-10-20
734,126,26,2017-10-20
735,208,65,2017-10-20
736,287,39,2017-10-20
737,551,16,2017-10-20
738,606,8,2017-10-20
739,679,79,2017-10-20
740,169,74,2017-10-20
741,47,15,2017-10-20
742,276,69,2017-10-20
743,222,57,2017-10-20
744,556,50,2017-10-20
745,77,56,2017-10-20
746,446,75,2017-10-20
747,168,33,2017-10-20
748,216,45,2017-10-20
749,367,35,2017-10-20
750,703,28,2017-10-20
751,403,36,2017-10-20
752,766,28,2017-10-21
753,756,75,2017-10-21
754,401,38,2017-10-21
755,143,65,2017-10-21
756,771,21,2017-10-21
757,46,79,2017-10-21
758,644,72,2017-10-21
759,152,7,2017-10-22
760,420,32,2017-10-22
761,175,80,2017-10-22
762,179,14,2017-10-22
763,275,38,2017-10-22
764,647,45,2017-10-22
765,37,4,2017-10-22
766,47,27,2017-10-22
767,437,56,2017-10-22
768,512,76,2017-10-22
769,592,26,2017-10-22
770,744,37,2017-10-22
771,460,75,2017-10-22
772,534,62,2017-10-22
773,264,9,2017-10-22
774,16,69,2017-10-22
775,761,41,2017-10-22
776,398,44,2017-10-22
777,75,79,2017-10-22
778,83,16,2017-10-22
779,110,11,2017-10-22
780,564,57,2017-10-22
781,116,42,2017-10-22
782,293,61,2017-10-22
783,496,70,2017-10-22
784,184,73,2017-10-22
785,468,54,2017-10-22
786,260,5,2017-10-22
787,500,48,2017-10-22
788,453,60,2017-10-22
789,428,71,2017-10-22
790,95,35,2017-10-22
791,673,65,2017-10-22
792,274,6,2017-10-22
793,125,1,2017-10-22
794,660,50,2017-10-22
795,171,31,2017-10-22
796,353,72,2017-10-22
797,456,49,2017-10-22
798,267,39,2017-10-22
799,309,22,2017-10-22
800,511,64,2017-10-22
801,730,52,2017-10-22
802,488,36,2017-10-22
803,686,21,2017-10-22
804,18,2,2017-10-22
805,421,47,2017-10-22
806,403,68,2017-10-22
807,679,34,2017-10-22
808,349,13,2017-10-22
809,587,29,2017-10-22
810,577,25,2017-10-22
811,374,74,2017-10-22
812,290,33,2017-10-22
813,107,24,2017-10-22
814,316,55,2017-10-22
815,396,23,2017-10-22
816,683,40,2017-10-22
817,576,17,2017-10-22
818,225,78,2017-10-22
819,51,8,2017-10-22
820,145,66,2017-10-22
821,591,63,2017-10-22
822,128,58,2017-10-22
823,639,53,2017-10-22
824,607,77,2017-10-22
825,139,15,2017-10-22
826,258,28,2017-10-22
827,173,17,2017-10-23
828,40,5,2017-10-23
829,326,33,2017-10-23
830,94,16,2017-10-23
831,9,42,2017-10-23
832,149,23,2017-10-23
833,756,58,2017-10-23
834,126,76,2017-10-23
835,393,39,2017-10-23
836,523,72,2017-10-23
837,169,78,2017-10-23
838,336,49,2017-10-24
839,71,38,2017-10-24
840,526,71,2017-10-24
841,430,79,2017-10-24
842,758,11,2017-10-24
843,235,22,2017-10-25
844,744,74,2017-10-25
845,770,78,2017-10-25
846,777,76,2017-10-25
847,611,49,2017-10-25
848,772,37,2017-10-25
849,424,60,2017-10-25
850,313,45,2017-10-25
851,580,41,2017-10-25
852,366,56,2017-10-26
853,225,45,2017-10-26
854,243,37,2017-10-26
855,491,7,2017-10-26
856,567,78,2017-10-26
857,443,76,2017-10-26
858,159,65,2017-10-26
859,78,1,2017-10-26
860,641,54,2017-10-26
861,775,18,2017-10-26
862,186,10,2017-10-26
863,464,70,2017-10-26
864,52,12,2017-10-26
865,67,6,2017-10-26
866,160,31,2017-10-27
867,125,14,2017-10-27
868,612,77,2017-10-27
869,719,8,2017-10-27
870,208,25,2017-10-27
871,99,10,2017-10-27
872,320,49,2017-10-27
873,71,15,2017-10-27
874,30,48,2017-10-27
875,657,21,2017-10-27
876,397,71,2017-10-27
877,344,16,2017-10-27
878,316,7,2017-10-27
879,540,41,2017-10-27
880,447,47,2017-10-27
881,396,2,2017-10-27
882,172,67,2017-10-27
883,394,23,2017-10-27
884,550,56,2017-10-27
885,261,1,2017-10-27
886,12,26,2017-10-27
887,757,36,2017-10-27
888,524,37,2017-10-27
889,725,62,2017-10-27
890,129,20,2017-10-27
891,690,60,2017-10-27
892,211,24,2017-10-27
893,588,42,2017-10-27
894,698,13,2017-10-27
895,697,4,2017-10-27
896,638,5,2017-10-27
897,64,59,2017-10-27
898,742,44,2017-10-27
899,439,53,2017-10-27
900,214,39,2017-10-27
901,374,73,2017-10-27
902,680,29,2017-10-27
903,584,79,2017-10-27
904,441,11,2017-10-27
905,723,57,2017-10-27
906,335,66,2017-10-27
907,47,22,2017-10-27
908,619,12,2017-10-27
909,180,76,2017-10-27
910,528,46,2017-10-27
911,672,64,2017-10-27
912,703,75,2017-10-27
913,38,27,2017-10-27
914,580,40,2017-10-27
915,543,35,2017-10-27
916,287,33,2017-10-27
917,472,58,2017-10-27
918,132,6,2017-10-27
919,157,61,2017-10-27
920,688,9,2017-10-27
921,202,19,2017-10-27
922,575,65,2017-10-27
923,536,30,2017-10-27
924,564,78,2017-10-27
925,219,32,2017-10-27
926,422,52,2017-10-27
927,46,72,2017-10-27
928,465,54,2017-10-27
929,89,34,2017-10-27
930,557,50,2017-10-27
931,153,3,2017-10-27
932,86,59,2017-10-28
933,736,73,2017-10-28
934,428,63,2017-10-29
935,85,67,2017-10-29
936,582,57,2017-10-29
937,744,3,2017-10-29
938,521,6,2017-10-29
939,527,14,2017-10-29
940,587,19,2017-10-29
941,78,44,2017-10-29
942,95,32,2017-10-30
943,585,42,2017-10-30
944,630,18,2017-10-30
945,698,36,2017-10-30
946,534,29,2017-10-30
947,80,22,2017-10-30
948,3,52,2017-10-30
949,366,50,2017-10-30
950,611,27,2017-10-30
951,127,11,2017-10-30
952,97,72,2017-10-30
953,727,61,2017-10-30
954,578,4,2017-10-30
955,333,12,2017-10-30
956,346,45,2017-10-30
957,706,15,2017-10-30
958,581,55,2017-10-30
959,25,10,2017-10-30
960,439,21,2017-10-30
961,474,47,2017-10-30
962,238,34,2017-10-30
963,547,67,2017-10-30
964,451,62,2017-10-30
965,441,57,2017-10-30
966,531,65,2017-10-30
967,302,68,2017-10-30
968,239,63,2017-10-30
969,18,41,2017-10-30
970,562,44,2017-10-30
971,670,19,2017-10-30
972,627,78,2017-10-30
973,204,75,2017-10-30
974,579,8,2017-10-30
975,715,70,2017-10-30
976,234,16,2017-10-30
977,506,26,2017-10-30
978,123,71,2017-10-30
979,220,51,2017-10-30
980,593,58,2017-10-30
981,495,56,2017-10-30
982,143,14,2017-10-30
983,37,69,2017-10-30
984,126,20,2017-10-30
985,154,5,2017-10-30
986,582,13,2017-10-30
987,251,25,2017-10-30
988,635,7,2017-10-30
989,202,37,2017-10-30
990,197,60,2017-10-30
991,674,79,2017-10-30
992,13,1,2017-10-30
993,231,48,2017-10-30
994,379,35,2017-10-30
995,527,43,2017-10-30
996,473,28,2017-10-30
997,754,74,2017-10-30
998,471,24,2017-10-31
999,482,52,2017-10-31
1000,534,36,2017-10-31
1001,624,76,2017-10-31
1002,682,69,2017-10-31
1003,780,2,2017-10-31
1004,517,1,2017-10-31
1005,439,13,2017-10-31
1006,108,23,2017-10-31
1007,168,42,2017-10-31
1008,767,15,2017-10-31
1009,461,9,2017-10-31
1010,659,3,2017-10-31
1011,715,14,2017-10-31
1012,381,10,2017-10-31
1013,368,63,2017-10-31
1014,248,37,2017-10-31
1015,528,77,2017-10-31
1016,735,62,2017-10-31
1017,646,41,2017-10-31
1018,86,35,2017-10-31
1019,502,45,2017-10-31
1020,298,59,2017-10-31
1021,345,18,2017-10-31
1022,79,79,2017-10-31
1023,764,8,2017-10-31
1024,353,32,2017-10-31
1025,302,70,2017-10-31
1026,603,56,2017-10-31
1027,649,67,2017-10-31
1028,514,46,2017-10-31
1029,326,53,2017-10-31
1030,194,74,2017-10-31
1031,271,34,2017-10-31
1032,531,51,2017-10-31
1033,91,55,2017-10-31
1034,687,80,2017-10-31
1035,688,73,2017-10-31
1036,572,27,2017-10-31
1037,256,50,2017-10-31
1038,250,16,2017-10-31
1039,460,47,2017-10-31
1040,231,57,2017-10-31
1041,539,21,2017-10-31
1042,347,48,2017-10-31
1043,221,26,2017-10-31
1044,23,17,2017-11-01
1045,323,36,2017-11-01
1046,547,76,2017-11-01
1047,171,23,2017-11-01
1048,432,52,2017-11-01
1049,487,37,2017-11-01
1050,16,74,2017-11-01
1051,256,65,2017-11-01
1052,479,12,2017-11-01
1053,612,25,2017-11-01
1054,665,18,2017-11-01
1055,640,61,2017-11-01
1056,534,32,2017-11-01
1057,451,79,2017-11-01
1058,347,53,2017-11-01
1059,673,60,2017-11-01
1060,104,40,2017-11-01
1061,414,27,2017-11-01
1062,132,39,2017-11-01
1063,773,20,2017-11-01
1064,709,55,2017-11-01
1065,166,45,2017-11-01
1066,179,42,2017-11-01
1067,67,16,2017-11-01
1068,548,34,2017-11-01
1069,561,28,2017-11-01
1070,435,14,2017-11-01
1071,348,8,2017-11-01
1072,203,68,2017-11-01
1073,330,44,2017-11-01
1074,204,50,2017-11-01
1075,228,29,2017-11-01
1076,538,7,2017-11-01
1077,130,38,2017-11-01
1078,690,80,2017-11-01
1079,257,6,2017-11-01
1080,739,26,2017-11-01
1081,614,77,2017-11-01
1082,686,33,2017-11-01
1083,353,54,2017-11-01
1084,192,48,2017-11-01
1085,729,72,2017-11-01
1086,371,64,2017-11-01
1087,627,58,2017-11-01
1088,320,41,2017-11-01
1089,173,19,2017-11-01
1090,763,49,2017-11-01
1091,265,9,2017-11-01
1092,74,1,2017-11-01
1093,669,35,2017-11-02
1094,460,10,2017-11-02
1095,655,71,2017-11-02
1096,219,73,2017-11-02
1097,526,45,2017-11-02
1098,462,38,2017-11-02
1099,78,43,2017-11-02
1100,426,32,2017-11-02
1101,317,18,2017-11-02
1102,328,76,2017-11-02
1103,273,9,2017-11-02
1104,10,14,2017-11-02
1105,73,17,2017-11-02
1106,226,44,2017-11-02
1107,622,54,2017-11-02
1108,103,60,2017-11-02
1109,491,30,2017-11-02
1110,4,2,2017-11-02
1111,551,7,2017-11-02
1112,514,56,2017-11-02
1113,379,63,2017-11-02
1114,274,3,2017-11-02
1115,285,21,2017-11-02
1116,144,24,2017-11-02
1117,531,33,2017-11-02
1118,250,12,2017-11-02
1119,661,20,2017-11-02
1120,26,31,2017-11-02
1121,534,80,2017-11-02
1122,294,79,2017-11-02
1123,313,65,2017-11-02
1124,380,70,2017-11-02
1125,395,49,2017-11-02
1126,138,13,2017-11-02
1127,409,23,2017-11-02
1128,324,51,2017-11-02
1129,393,34,2017-11-02
1130,338,41,2017-11-02
1131,387,36,2017-11-02
1132,538,25,2017-11-02
1133,6,11,2017-11-02
1134,67,1,2017-11-02
1135,165,52,2017-11-02
1136,240,19,2017-11-02
1137,41,22,2017-11-02
1138,146,6,2017-11-02
1139,141,74,2017-11-02
1140,109,69,2017-11-02
1141,249,8,2017-11-02
1142,175,46,2017-11-02
1143,758,59,2017-11-02
1144,747,40,2017-11-02
1145,751,26,2017-11-02
1146,549,4,2017-11-02
1147,58,29,2017-11-02
1148,190,39,2017-11-02
1149,253,66,2017-11-02
1150,80,50,2017-11-02
1151,556,67,2017-11-02
1152,490,27,2017-11-02
1153,254,75,2017-11-02
1154,404,55,2017-11-02
1155,205,78,2017-11-02
1156,22,57,2017-11-02
1157,454,28,2017-11-02
1158,444,61,2017-11-02
1159,360,72,2017-11-02
1160,348,42,2017-11-02
1161,706,53,2017-11-02
1162,259,77,2017-11-02
1163,694,16,2017-11-02
1164,719,58,2017-11-02
1165,94,37,2017-11-02
1166,723,64,2017-11-02
1167,325,56,2017-11-03
1168,653,72,2017-11-03
1169,245,27,2017-11-03
1170,230,68,2017-11-03
1171,180,32,2017-11-03
1172,212,4,2017-11-03
1173,547,36,2017-11-03
1174,19,8,2017-11-03
1175,256,74,2017-11-03
1176,358,67,2017-11-03
1177,368,46,2017-11-03
1178,55,41,2017-11-03
1179,86,21,2017-11-03
1180,578,43,2017-11-03
1181,41,35,2017-11-03
1182,83,37,2017-11-03
1183,146,55,2017-11-03
1184,444,16,2017-11-03
1185,606,26,2017-11-03
1186,208,29,2017-11-03
1187,630,80,2017-11-03
1188,103,20,2017-11-03
1189,469,69,2017-11-03
1190,493,11,2017-11-03
1191,181,71,2017-11-03
1192,278,44,2017-11-03
1193,645,70,2017-11-03
1194,315,9,2017-11-03
1195,524,25,2017-11-03
1196,104,7,2017-11-03
1197,762,75,2017-11-03
1198,476,79,2017-11-03
1199,66,17,2017-11-03
1200,335,24,2017-11-03
1201,697,58,2017-11-03
1202,227,1,2017-11-03
1203,133,63,2017-11-03
1204,183,76,2017-11-03
1205,272,18,2017-11-03
1206,620,40,2017-11-03
1207,219,13,2017-11-03
1208,320,48,2017-11-03
1209,439,38,2017-11-03
1210,293,73,2017-11-03
1211,689,15,2017-11-03
1212,450,2,2017-11-03
1213,721,65,2017-11-03
1214,2,59,2017-11-03
1215,441,22,2017-11-03
1216,148,19,2017-11-03
1217,407,60,2017-11-03
1218,156,39,2017-11-03
1219,602,62,2017-11-03
1220,169,3,2017-11-03
1221,404,52,2017-11-03
1222,473,47,2017-11-03
1223,553,30,2017-11-03
1224,27,53,2017-11-03
1225,22,28,2017-11-03
1226,155,5,2017-11-03
1227,121,61,2017-11-03
1228,298,6,2017-11-03
1229,271,10,2017-11-03
1230,500,51,2017-11-03
1231,771,8,2017-11-04
1232,688,55,2017-11-04
1233,549,54,2017-11-04
1234,208,49,2017-11-04
1235,247,27,2017-11-04
1236,422,73,2017-11-04
1237,412,33,2017-11-04
1238,516,41,2017-11-04
1239,160,44,2017-11-04
1240,111,65,2017-11-04
1241,356,72,2017-11-04
1242,296,80,2017-11-04
1243,390,25,2017-11-04
1244,220,30,2017-11-04
1245,283,38,2017-11-04
1246,329,61,2017-11-04
1247,405,51,2017-11-04
1248,763,32,2017-11-04
1249,432,17,2017-11-04
1250,581,4,2017-11-04
1251,136,40,2017-11-04
1252,42,31,2017-11-04
1253,117,63,2017-11-04
1254,105,34,2017-11-04
1255,330,53,2017-11-04
1256,577,24,2017-11-04
1257,262,13,2017-11-04
1258,209,59,2017-11-04
1259,434,2,2017-11-04
1260,153,7,2017-11-04
1261,717,64,2017-11-04
1262,138,37,2017-11-04
1263,315,60,2017-11-04
1264,590,48,2017-11-04
1265,61,58,2017-11-04
1266,250,70,2017-11-04
1267,387,16,2017-11-04
1268,249,39,2017-11-04
1269,450,36,2017-11-04
1270,152,77,2017-11-04
1271,571,1,2017-11-05
1272,240,77,2017-11-05
1273,411,61,2017-11-05
1274,8,6,2017-11-05
1275,181,44,2017-11-05
1276,186,78,2017-11-05
1277,688,21,2017-11-05
1278,132,60,2017-11-05
1279,754,40,2017-11-05
1280,162,28,2017-11-05
1281,85,16,2017-11-05
1282,178,39,2017-11-05
1283,653,46,2017-11-05
1284,322,19,2017-11-05
1285,122,70,2017-11-05
1286,14,18,2017-11-06
1287,724,11,2017-11-06
1288,206,35,2017-11-06
1289,515,71,2017-11-06
1290,366,52,2017-11-06
1291,296,63,2017-11-06
1292,447,23,2017-11-06
1293,322,49,2017-11-06
1294,406,40,2017-11-06
1295,670,39,2017-11-06
1296,650,33,2017-11-06
1297,361,8,2017-11-06
1298,169,48,2017-11-06
1299,482,60,2017-11-06
1300,557,42,2017-11-06
1301,64,22,2017-11-06
1302,696,58,2017-11-06
1303,214,21,2017-11-06
1304,634,57,2017-11-06
1305,91,45,2017-11-06
1306,229,27,2017-11-06
1307,340,51,2017-11-06
1308,102,20,2017-11-06
1309,280,37,2017-11-06
1310,75,12,2017-11-06
1311,113,15,2017-11-06
1312,646,30,2017-11-06
1313,601,76,2017-11-06
1314,589,6,2017-11-06
1315,131,32,2017-11-06
1316,325,14,2017-11-06
1317,588,80,2017-11-06
1318,776,25,2017-11-06
1319,549,73,2017-11-06
1320,196,54,2017-11-06
1321,734,50,2017-11-06
1322,212,31,2017-11-06
1323,203,19,2017-11-06
1324,334,29,2017-11-06
1325,115,4,2017-11-06
1326,15,10,2017-11-06
1327,74,28,2017-11-06
1328,639,36,2017-11-06
1329,569,67,2017-11-06
1330,513,1,2017-11-06
1331,320,64,2017-11-06
1332,65,21,2017-11-07
1333,186,4,2017-11-07
1334,366,17,2017-11-07
1335,468,77,2017-11-07
1336,195,80,2017-11-07
1337,689,68,2017-11-07
1338,198,49,2017-11-07
1339,444,38,2017-11-07
1340,101,10,2017-11-07
1341,613,41,2017-11-07
1342,199,43,2017-11-07
1343,258,48,2017-11-07
1344,367,12,2017-11-07
1345,23,33,2017-11-07
1346,322,56,2017-11-07
1347,583,66,2017-11-07
1348,290,73,2017-11-07
1349,514,24,2017-11-07
1350,614,40,2017-11-07
1351,539,65,2017-11-07
1352,485,70,2017-11-07
1353,500,32,2017-11-07
1354,243,8,2017-11-07
1355,682,20,2017-11-07
1356,125,3,2017-11-07
1357,220,35,2017-11-07
1358,634,51,2017-11-07
1359,735,15,2017-11-07
1360,359,28,2017-11-07
1361,119,59,2017-11-07
1362,574,14,2017-11-07
1363,74,2,2017-11-07
1364,153,58,2017-11-07
1365,602,61,2017-11-07
1366,319,6,2017-11-07
1367,278,11,2017-11-07
1368,154,30,2017-11-07
1369,365,42,2017-11-07
1370,625,62,2017-11-07
1371,704,44,2017-11-07
1372,141,7,2017-11-07
1373,772,75,2017-11-07
1374,633,63,2017-11-07
1375,644,39,2017-11-07
1376,480,36,2017-11-07
1377,591,71,2017-11-07
1378,109,46,2017-11-07
1379,739,67,2017-11-07
1380,478,54,2017-11-07
1381,746,5,2017-11-07
1382,168,19,2017-11-07
1383,593,9,2017-11-07
1384,84,50,2017-11-07
1385,617,78,2017-11-07
1386,453,79,2017-11-07
1387,638,45,2017-11-07
1388,390,18,2017-11-07
1389,709,26,2017-11-07
1390,453,41,2017-11-08
1391,687,17,2017-11-08
1392,648,2,2017-11-08
1393,78,3,2017-11-08
1394,259,63,2017-11-08
1395,279,38,2017-11-08
1396,111,70,2017-11-08
1397,445,52,2017-11-08
1398,713,43,2017-11-08
1399,668,78,2017-11-08
1400,716,79,2017-11-08
1401,366,57,2017-11-08
1402,229,64,2017-11-08
1403,270,53,2017-11-08
1404,538,40,2017-11-08
1405,484,47,2017-11-08
1406,235,59,2017-11-08
1407,12,35,2017-11-08
1408,660,15,2017-11-08
1409,448,50,2017-11-08
1410,780,42,2017-11-08
1411,389,22,2017-11-08
1412,286,61,2017-11-08
1413,669,21,2017-11-08
1414,82,20,2017-11-08
1415,449,25,2017-11-08
1416,140,68,2017-11-08
1417,4,72,2017-11-08
1418,5,1,2017-11-08
1419,385,51,2017-11-08
1420,420,54,2017-11-08
1421,466,21,2017-11-09
1422,441,24,2017-11-09
1423,304,12,2017-11-09
1424,169,41,2017-11-09
1425,473,65,2017-11-09
1426,200,40,2017-11-09
1427,671,17,2017-11-09
1428,710,55,2017-11-09
1429,15,18,2017-11-09
1430,116,15,2017-11-09
1431,105,47,2017-11-09
1432,91,66,2017-11-09
1433,62,67,2017-11-09
1434,699,3,2017-11-09
1435,148,43,2017-11-09
1436,187,72,2017-11-09
1437,246,32,2017-11-09
1438,692,71,2017-11-09
1439,573,26,2017-11-09
1440,727,59,2017-11-09
1441,493,37,2017-11-09
1442,579,48,2017-11-09
1443,346,7,2017-11-09
1444,160,10,2017-11-09
1445,32,33,2017-11-09
1446,736,54,2017-11-09
1447,618,42,2017-11-09
1448,653,19,2017-11-09
1449,551,78,2017-11-09
1450,37,34,2017-11-09
1451,326,70,2017-11-09
1452,447,58,2017-11-09
1453,762,29,2017-11-09
1454,582,35,2017-11-09
1455,586,45,2017-11-09
1456,711,75,2017-11-09
1457,672,25,2017-11-09
1458,654,56,2017-11-09
1459,352,27,2017-11-09
1460,114,39,2017-11-09
1461,340,51,2017-11-09
1462,77,36,2017-11-09
1463,344,60,2017-11-09
1464,379,20,2017-11-09
1465,568,75,2017-11-10
1466,99,37,2017-11-10
1467,337,9,2017-11-10
1468,558,27,2017-11-10
1469,475,74,2017-11-10
1470,200,2,2017-11-10
1471,178,42,2017-11-10
1472,183,48,2017-11-10
1473,721,76,2017-11-10
1474,661,13,2017-11-10
1475,297,66,2017-11-10
1476,771,32,2017-11-11
1477,484,46,2017-11-11
1478,516,49,2017-11-11
1479,115,25,2017-11-11
1480,634,48,2017-11-11
1481,332,61,2017-11-11
1482,615,68,2017-11-11
1483,342,10,2017-11-11
1484,479,74,2017-11-11
1485,224,62,2017-11-11
1486,82,60,2017-11-11
1487,263,30,2017-11-11
1488,440,70,2017-11-11
1489,292,26,2017-11-11
1490,281,47,2017-11-11
1491,265,4,2017-11-11
1492,304,66,2017-11-11
1493,301,37,2017-11-11
1494,34,17,2017-11-11
1495,190,76,2017-11-11
1496,659,29,2017-11-11
1497,384,73,2017-11-11
1498,400,35,2017-11-11
1499,111,13,2017-11-11
1500,8,36,2017-11-11
1501,703,27,2017-11-11
1502,373,53,2017-11-11
1503,223,80,2017-11-11
1504,733,12,2017-11-11
1505,358,31,2017-11-11
1506,288,45,2017-11-11
1507,396,23,2017-11-11
1508,91,21,2017-11-11
1509,402,9,2017-11-11
1510,710,41,2017-11-11
1511,242,34,2017-11-11
1512,267,54,2017-11-11
1513,231,22,2017-11-11
1514,748,72,2017-11-11
1515,547,39,2017-11-11
1516,677,24,2017-11-11
1517,302,79,2017-11-12
1518,666,41,2017-11-12
1519,749,29,2017-11-12
1520,485,42,2017-11-12
1521,315,75,2017-11-12
1522,779,17,2017-11-12
1523,596,26,2017-11-12
1524,209,2,2017-11-12
1525,638,65,2017-11-12
1526,746,35,2017-11-12
1527,601,11,2017-11-12
1528,168,59,2017-11-12
1529,556,34,2017-11-12
1530,329,67,2017-11-12
1531,145,76,2017-11-12
1532,91,9,2017-11-12
1533,391,62,2017-11-12
1534,281,36,2017-11-12
1535,531,49,2017-11-12
1536,705,20,2017-11-12
1537,158,16,2017-11-12
1538,742,58,2017-11-12
1539,305,33,2017-11-12
1540,755,7,2017-11-12
1541,480,38,2017-11-12
1542,741,40,2017-11-12
1543,369,28,2017-11-12
1544,544,21,2017-11-12
1545,592,74,2017-11-12
1546,77,8,2017-11-12
1547,708,55,2017-11-12
1548,599,50,2017-11-12
1549,126,31,2017-11-12
1550,512,3,2017-11-12
1551,602,47,2017-11-12
1552,51,39,2017-11-12
1553,48,80,2017-11-12
1554,363,69,2017-11-12
1555,301,5,2017-11-12
1556,199,32,2017-11-12
1557,543,10,2017-11-12
1558,360,53,2017-11-12
1559,204,22,2017-11-12
1560,95,15,2017-11-12
1561,319,13,2017-11-12
1562,244,1,2017-11-12
1563,111,54,2017-11-12
1564,289,14,2017-11-12
1565,452,70,2017-11-12
1566,760,61,2017-11-12
1567,529,68,2017-11-12
1568,89,44,2017-11-12
1569,213,25,2017-11-12
1570,246,57,2017-11-12
1571,489,27,2017-11-12
1572,525,30,2017-11-12
1573,120,56,2017-11-12
1574,547,78,2017-11-12
1575,332,63,2017-11-12
1576,577,77,2017-11-12
1577,38,60,2017-11-12
1578,753,23,2017-11-12
1579,486,52,2017-11-12
1580,245,66,2017-11-12
1581,198,71,2017-11-12
1582,335,43,2017-11-12
1583,629,19,2017-11-12
1584,588,48,2017-11-12
1585,208,73,2017-11-12
1586,453,37,2017-11-12
1587,557,64,2017-11-12
1588,66,51,2017-11-12
1589,516,72,2017-11-12
1590,149,12,2017-11-13
1591,735,19,2017-11-13
1592,627,49,2017-11-13
1593,451,41,2017-11-13
1594,754,27,2017-11-13
1595,21,15,2017-11-13
1596,25,44,2017-11-13
1597,51,57,2017-11-13
1598,35,4,2017-11-13
1599,264,13,2017-11-13
1600,261,34,2017-11-13
1601,40,45,2017-11-13
1602,510,21,2017-11-13
1603,225,52,2017-11-13
1604,707,11,2017-11-13
1605,191,66,2017-11-13
1606,471,23,2017-11-13
1607,405,31,2017-11-13
1608,730,58,2017-11-13
1609,374,38,2017-11-13
1610,734,47,2017-11-13
1611,674,74,2017-11-13
1612,197,35,2017-11-13
1613,66,28,2017-11-13
1614,519,26,2017-11-13
1615,173,8,2017-11-13
1616,102,37,2017-11-13
1617,560,36,2017-11-13
1618,73,69,2017-11-13
1619,58,70,2017-11-13
1620,282,3,2017-11-13
1621,687,55,2017-11-13
1622,392,18,2017-11-13
1623,142,17,2017-11-13
1624,314,7,2017-11-13
1625,363,39,2017-11-13
1626,311,51,2017-11-13
1627,178,77,2017-11-13
1628,753,61,2017-11-13
1629,230,67,2017-11-13
1630,747,14,2017-11-13
1631,556,33,2017-11-13
1632,643,79,2017-11-13
1633,770,43,2017-11-13
1634,430,30,2017-11-13
1635,268,5,2017-11-13
1636,242,75,2017-11-13
1637,404,42,2017-11-13
1638,29,60,2017-11-13
1639,609,64,2017-11-13
1640,399,32,2017-11-13
1641,134,48,2017-11-13
1642,103,22,2017-11-13
1643,586,65,2017-11-13
1644,272,78,2017-11-13
1645,497,1,2017-11-13
1646,613,54,2017-11-13
1647,334,71,2017-11-13
1648,702,29,2017-11-13
1649,274,9,2017-11-13
1650,431,10,2017-11-13
1651,573,40,2017-11-13
1652,41,16,2017-11-13
1653,731,46,2017-11-13
1654,46,63,2017-11-13
1655,4,20,2017-11-13
1656,44,2,2017-11-13
1657,83,59,2017-11-13
1658,100,73,2017-11-13
1659,673,56,2017-11-13
1660,630,24,2017-11-13
1661,158,76,2017-11-13
1662,327,62,2017-11-13
1663,547,6,2017-11-13
1664,24,72,2017-11-13
1665,361,68,2017-11-13
1666,465,65,2017-11-14
1667,368,79,2017-11-14
1668,773,63,2017-11-14
1669,532,45,2017-11-14
1670,753,44,2017-11-14
1671,537,12,2017-11-14
1672,405,28,2017-11-14
1673,684,23,2017-11-14
1674,588,66,2017-11-14
1675,765,40,2017-11-14
1676,396,19,2017-11-14
1677,538,55,2017-11-14
1678,700,46,2017-11-14
1679,647,20,2017-11-14
1680,271,10,2017-11-14
1681,674,39,2017-11-14
1682,82,6,2017-11-14
1683,6,24,2017-11-14
1684,7,67,2017-11-14
1685,711,18,2017-11-14
1686,727,76,2017-11-14
1687,498,75,2017-11-14
1688,582,27,2017-11-14
1689,411,2,2017-11-14
1690,386,57,2017-11-14
1691,558,60,2017-11-14
1692,291,4,2017-11-14
1693,19,25,2017-11-14
1694,621,51,2017-11-14
1695,560,50,2017-11-14
1696,225,52,2017-11-14
1697,763,9,2017-11-14
1698,691,29,2017-11-14
1699,571,33,2017-11-14
1700,15,26,2017-11-14
1701,706,54,2017-11-14
1702,90,4,2017-11-15
1703,571,79,2017-11-15
1704,423,61,2017-11-15
1705,304,53,2017-11-15
1706,312,71,2017-11-15
1707,326,45,2017-11-15
1708,280,13,2017-11-15
1709,749,76,2017-11-15
1710,412,80,2017-11-15
1711,559,72,2017-11-15
1712,228,75,2017-11-15
1713,115,23,2017-11-15
1714,308,38,2017-11-15
1715,570,69,2017-11-15
1716,555,26,2017-11-15
1717,477,46,2017-11-15
1718,179,40,2017-11-15
1719,42,60,2017-11-15
1720,206,21,2017-11-15
1721,230,66,2017-11-15
1722,62,58,2017-11-15
1723,499,54,2017-11-15
1724,463,7,2017-11-15
1725,249,65,2017-11-15
1726,672,70,2017-11-15
1727,722,15,2017-11-15
1728,187,39,2017-11-15
1729,426,77,2017-11-15
1730,706,11,2017-11-15
1731,170,64,2017-11-15
1732,78,49,2017-11-15
1733,520,52,2017-11-15
1734,631,25,2017-11-15
1735,81,47,2017-11-15
1736,535,24,2017-11-15
1737,566,28,2017-11-15
1738,180,31,2017-11-15
1739,521,19,2017-11-15
1740,255,34,2017-11-15
1741,25,9,2017-11-15
1742,293,75,2017-11-16
1743,615,52,2017-11-16
1744,192,16,2017-11-16
1745,32,51,2017-11-16
1746,174,76,2017-11-16
1747,29,48,2017-11-16
1748,217,45,2017-11-16
1749,215,38,2017-11-16
1750,386,26,2017-11-16
1751,208,70,2017-11-16
1752,184,67,2017-11-16
1753,754,2,2017-11-16
1754,506,31,2017-11-16
1755,178,15,2017-11-16
1756,395,47,2017-11-16
1757,519,10,2017-11-16
1758,669,36,2017-11-16
1759,7,44,2017-11-16
1760,489,37,2017-11-16
1761,159,19,2017-11-16
1762,191,32,2017-11-16
1763,547,40,2017-11-16
1764,99,66,2017-11-16
1765,723,20,2017-11-16
1766,560,60,2017-11-16
1767,219,21,2017-11-16
1768,166,6,2017-11-16
1769,440,30,2017-11-16
1770,156,12,2017-11-16
1771,91,17,2017-11-16
1772,633,25,2017-11-16
1773,287,74,2017-11-16
1774,610,46,2017-11-16
1775,389,49,2017-11-16
1776,721,13,2017-11-16
1777,175,55,2017-11-16
1778,529,5,2017-11-16
1779,408,8,2017-11-16
1780,154,42,2017-11-16
1781,132,58,2017-11-16
1782,738,78,2017-11-16
1783,760,24,2017-11-16
1784,44,29,2017-11-16
1785,605,35,2017-11-16
1786,423,27,2017-11-16
1787,171,7,2017-11-16
1788,568,71,2017-11-16
1789,459,72,2017-11-16
1790,289,3,2017-11-16
1791,472,69,2017-11-16
1792,741,50,2017-11-16
1793,592,11,2017-11-16
1794,331,53,2017-11-16
1795,445,68,2017-11-16
1796,473,28,2017-11-16
1797,612,59,2017-11-16
1798,655,54,2017-11-16
1799,207,23,2017-11-16
1800,551,43,2017-11-16
1801,361,65,2017-11-16
1802,554,22,2017-11-16
1803,700,14,2017-11-16
1804,40,61,2017-11-16
1805,1,79,2017-11-16
1806,367,39,2017-11-16
1807,68,64,2017-11-16
1808,295,1,2017-11-16
1809,300,77,2017-11-16
1810,177,18,2017-11-16
1811,607,52,2017-11-17
1812,76,71,2017-11-17
1813,429,76,2017-11-17
1814,520,36,2017-11-17
1815,592,55,2017-11-17
1816,175,79,2017-11-17
1817,736,74,2017-11-17
1818,480,18,2017-11-17
1819,260,34,2017-11-17
1820,387,78,2017-11-17
1821,598,30,2017-11-17
1822,602,48,2017-11-17
1823,292,23,2017-11-17
1824,133,58,2017-11-17
1825,40,47,2017-11-17
1826,597,9,2017-11-17
1827,595,42,2017-11-17
1828,490,73,2017-11-17
1829,709,21,2017-11-17
1830,277,66,2017-11-17
1831,395,2,2017-11-17
1832,551,77,2017-11-17
1833,176,68,2017-11-17
1834,760,54,2017-11-17
1835,115,25,2017-11-17
1836,469,69,2017-11-17
1837,727,16,2017-11-17
1838,191,27,2017-11-17
1839,385,28,2017-11-17
1840,583,8,2017-11-17
1841,557,46,2017-11-17
1842,198,71,2017-11-18
1843,291,38,2017-11-18
1844,72,13,2017-11-18
1845,326,79,2017-11-18
1846,664,57,2017-11-18
1847,471,4,2017-11-18
1848,410,33,2017-11-18
1849,389,76,2017-11-18
1850,240,48,2017-11-18
1851,630,68,2017-11-18
1852,470,30,2017-11-18
1853,424,50,2017-11-18
1854,165,69,2017-11-18
1855,593,10,2017-11-18
1856,718,25,2017-11-18
1857,300,37,2017-11-18
1858,216,77,2017-11-18
1859,584,1,2017-11-18
1860,110,41,2017-11-18
1861,103,74,2017-11-18
1862,717,59,2017-11-18
1863,80,20,2017-11-18
1864,55,18,2017-11-18
1865,722,70,2017-11-18
1866,768,27,2017-11-18
1867,273,9,2017-11-18
1868,549,56,2017-11-18
1869,439,6,2017-11-18
1870,428,28,2017-11-18
1871,320,73,2017-11-18
1872,27,39,2017-11-18
1873,261,21,2017-11-18
1874,773,44,2017-11-18
1875,203,55,2017-11-18
1876,174,35,2017-11-18
1877,61,26,2017-11-18
1878,637,12,2017-11-18
1879,396,63,2017-11-18
1880,624,7,2017-11-18
1881,517,75,2017-11-18
1882,86,60,2017-11-18
1883,406,54,2017-11-18
1884,67,19,2017-11-18
1885,139,66,2017-11-18
1886,693,45,2017-11-18
1887,716,65,2017-11-18
1888,460,43,2017-11-18
1889,355,36,2017-11-18
1890,689,52,2017-11-18
1891,136,62,2017-11-18
1892,335,53,2017-11-18
1893,372,64,2017-11-18
1894,212,31,2017-11-18
1895,36,2,2017-11-18
1896,489,46,2017-11-18
1897,597,16,2017-11-18
1898,82,42,2017-11-18
1899,245,15,2017-11-18
1900,200,47,2017-11-18
1901,109,22,2017-11-18
1902,570,3,2017-11-18
1903,488,58,2017-11-18
1904,52,8,2017-11-18
1905,101,72,2017-11-18
1906,307,23,2017-11-18
1907,491,67,2017-11-18
1908,527,61,2017-11-18
1909,687,49,2017-11-18
1910,660,80,2017-11-18
1911,723,32,2017-11-18
1912,510,78,2017-11-18
1913,657,40,2017-11-18
1914,10,75,2017-11-19
1915,665,9,2017-11-19
1916,598,68,2017-11-19
1917,209,39,2017-11-19
1918,241,77,2017-11-19
1919,508,14,2017-11-19
1920,546,63,2017-11-19
1921,125,57,2017-11-19
1922,649,60,2017-11-19
1923,634,41,2017-11-19
1924,522,78,2017-11-19
1925,25,47,2017-11-19
1926,40,13,2017-11-19
1927,78,27,2017-11-19
1928,488,73,2017-11-19
1929,211,46,2017-11-19
1930,316,76,2017-11-19
1931,157,20,2017-11-19
1932,203,8,2017-11-19
1933,510,66,2017-11-19
1934,126,17,2017-11-19
1935,127,54,2017-11-19
1936,695,67,2017-11-19
1937,743,40,2017-11-19
1938,255,7,2017-11-19
1939,51,62,2017-11-19
1940,264,34,2017-11-19
1941,136,58,2017-11-19
1942,249,33,2017-11-19
1943,358,59,2017-11-19
1944,762,16,2017-11-19
1945,62,26,2017-11-19
1946,34,2,2017-11-19
1947,176,42,2017-11-19
1948,387,56,2017-11-19
1949,754,79,2017-11-19
1950,179,65,2017-11-19
1951,720,67,2017-11-20
1952,284,23,2017-11-20
1953,340,37,2017-11-20
1954,409,13,2017-11-20
1955,525,32,2017-11-20
1956,503,70,2017-11-20
1957,147,16,2017-11-20
1958,67,14,2017-11-20
1959,169,30,2017-11-20
1960,95,53,2017-11-20
1961,375,12,2017-11-20
1962,111,62,2017-11-20
1963,734,3,2017-11-20
1964,246,76,2017-11-20
1965,506,6,2017-11-20
1966,457,77,2017-11-20
1967,408,39,2017-11-20
1968,517,59,2017-11-20
1969,46,2,2017-11-20
1970,395,78,2017-11-20
1971,742,10,2017-11-20
1972,748,28,2017-11-20
1973,229,49,2017-11-20
1974,150,7,2017-11-20
1975,396,33,2017-11-20
1976,363,48,2017-11-20
1977,99,80,2017-11-20
1978,615,19,2017-11-20
1979,508,22,2017-11-20
1980,455,31,2017-11-20
1981,459,15,2017-11-20
1982,521,44,2017-11-20
1983,692,54,2017-11-20
1984,582,75,2017-11-20
1985,717,61,2017-11-20
1986,644,34,2017-11-21
1987,175,50,2017-11-21
1988,204,21,2017-11-21
1989,267,12,2017-11-21
1990,469,52,2017-11-21
1991,259,27,2017-11-21
1992,746,49,2017-11-21
1993,301,59,2017-11-21
1994,37,20,2017-11-21
1995,776,24,2017-11-21
1996,262,56,2017-11-21
1997,493,16,2017-11-21
1998,55,17,2017-11-21
1999,230,9,2017-11-21
2000,378,57,2017-11-21
2001,586,33,2017-11-21
2002,274,74,2017-11-21
2003,111,24,2017-11-22
2004,365,8,2017-11-22
2005,539,77,2017-11-22
2006,241,21,2017-11-22
2007,44,28,2017-11-22
2008,326,4,2017-11-22
2009,677,73,2017-11-22
2010,519,23,2017-11-22
2011,584,2,2017-11-22
2012,425,75,2017-11-22
2013,30,26,2017-11-22
2014,474,76,2017-11-22
2015,377,33,2017-11-22
2016,1,11,2017-11-22
2017,492,44,2017-11-22
2018,488,5,2017-11-22
2019,429,20,2017-11-22
2020,46,67,2017-11-22
2021,604,69,2017-11-22
2022,571,80,2017-11-22
2023,281,62,2017-11-22
2024,509,22,2017-11-22
2025,735,41,2017-11-22
2026,619,59,2017-11-22
2027,401,7,2017-11-22
2028,185,78,2017-11-22
2029,734,31,2017-11-22
2030,725,16,2017-11-22
2031,609,61,2017-11-22
2032,768,36,2017-11-22
2033,26,25,2017-11-22
2034,64,14,2017-11-22
2035,146,52,2017-11-23
2036,294,17,2017-11-23
2037,97,77,2017-11-23
2038,177,23,2017-11-23
2039,631,33,2017-11-23
2040,132,12,2017-11-23
2041,331,71,2017-11-23
2042,373,76,2017-11-23
2043,475,42,2017-11-23
2044,123,65,2017-11-23
2045,519,14,2017-11-23
2046,765,50,2017-11-23
2047,549,11,2017-11-23
2048,443,10,2017-11-23
2049,403,61,2017-11-23
2050,51,27,2017-11-23
2051,719,22,2017-11-23
2052,666,13,2017-11-23
2053,21,9,2017-11-23
2054,138,31,2017-11-23
2055,630,36,2017-11-23
2056,495,1,2017-11-23
2057,741,64,2017-11-23
2058,381,63,2017-11-23
2059,508,67,2017-11-23
2060,647,46,2017-11-23
2061,461,38,2017-11-23
2062,187,58,2017-11-23
2063,148,30,2017-11-23
2064,480,32,2017-11-23
2065,624,20,2017-11-23
2066,535,29,2017-11-23
2067,204,57,2017-11-23
2068,293,26,2017-11-23
2069,412,73,2017-11-23
2070,491,5,2017-11-23
2071,6,47,2017-11-23
2072,178,69,2017-11-23
2073,512,2,2017-11-23
2074,596,62,2017-11-23
2075,740,34,2017-11-23
2076,627,25,2017-11-23
2077,745,39,2017-11-23
2078,181,80,2017-11-23
2079,458,75,2017-11-23
2080,93,8,2017-11-23
2081,473,54,2017-11-23
2082,192,70,2017-11-23
2083,538,6,2017-11-23
2084,574,7,2017-11-23
2085,37,35,2017-11-23
2086,338,51,2017-11-23
2087,74,4,2017-11-23
2088,429,3,2017-11-23
2089,653,78,2017-11-23
2090,718,60,2017-11-23
2091,108,37,2017-11-23
2092,452,43,2017-11-23
2093,153,24,2017-11-23
2094,683,74,2017-11-23
2095,474,19,2017-11-23
2096,66,56,2017-11-23
2097,605,49,2017-11-23
2098,205,72,2017-11-23
2099,440,48,2017-11-23
2100,271,16,2017-11-23
2101,680,55,2017-11-23
2102,554,15,2017-11-23
2103,126,18,2017-11-23
2104,161,28,2017-11-23
2105,159,68,2017-11-23
2106,623,66,2017-11-23
2107,57,47,2017-11-24
2108,2,27,2017-11-24
2109,340,19,2017-11-24
2110,246,45,2017-11-24
2111,702,42,2017-11-24
2112,276,18,2017-11-24
2113,664,36,2017-11-24
2114,742,53,2017-11-24
2115,697,62,2017-11-24
2116,337,62,2017-11-25
2117,42,3,2017-11-25
2118,749,17,2017-11-25
2119,388,20,2017-11-25
2120,457,48,2017-11-25
2121,524,69,2017-11-25
2122,674,44,2017-11-25
2123,26,79,2017-11-25
2124,100,66,2017-11-25
2125,641,59,2017-11-25
2126,675,34,2017-11-26
2127,541,48,2017-11-26
2128,192,2,2017-11-26
2129,338,62,2017-11-27
2130,470,19,2017-11-27
2131,118,54,2017-11-27
2132,765,75,2017-11-27
2133,674,5,2017-11-27
2134,577,10,2017-11-27
2135,484,40,2017-11-27
2136,664,56,2017-11-27
2137,487,77,2017-11-27
2138,532,68,2017-11-27
2139,95,20,2017-11-27
2140,124,74,2017-11-27
2141,434,22,2017-11-27
2142,292,59,2017-11-27
2143,101,35,2017-11-27
2144,437,69,2017-11-27
2145,240,11,2017-11-27
2146,88,63,2017-11-27
2147,405,7,2017-11-27
2148,717,44,2017-11-27
2149,15,50,2017-11-27
2150,701,47,2017-11-27
2151,631,4,2017-11-27
2152,294,25,2017-11-27
2153,702,55,2017-11-27
2154,429,57,2017-11-27
2155,309,17,2017-11-27
2156,460,30,2017-11-27
2157,137,71,2017-11-27
2158,205,73,2017-11-27
2159,423,39,2017-11-27
2160,4,3,2017-11-27
2161,546,45,2017-11-27
2162,187,41,2017-11-27
2163,436,38,2017-11-27
2164,186,36,2017-11-27
2165,394,21,2017-11-27
2166,507,51,2017-11-27
2167,409,48,2017-11-27
2168,618,64,2017-11-27
2169,218,1,2017-11-27
2170,232,70,2017-11-27
2171,422,43,2017-11-27
2172,474,34,2017-11-27
2173,299,28,2017-11-27
2174,773,6,2017-11-27
2175,275,33,2017-11-27
2176,7,42,2017-11-27
2177,361,58,2017-11-27
2178,120,14,2017-11-27
2179,215,18,2017-11-27
2180,125,26,2017-11-27
2181,195,76,2017-11-27
2182,506,65,2017-11-27
2183,345,9,2017-11-27
2184,181,31,2017-11-27
2185,477,16,2017-11-27
2186,716,53,2017-11-27
2187,62,27,2017-11-27
2188,564,23,2017-11-27
2189,406,60,2017-11-27
2190,458,72,2017-11-27
2191,688,37,2017-11-27
2192,726,24,2017-11-27
2193,98,8,2017-11-27
2194,652,12,2017-11-27
2195,139,29,2017-11-27
2196,570,13,2017-11-27
2197,77,67,2017-11-27
2198,639,61,2017-11-27
2199,63,49,2017-11-27
2200,390,52,2017-11-27
2201,468,66,2017-11-27
2202,38,32,2017-11-27
2203,56,78,2017-11-27
2204,223,79,2017-11-27
2205,543,78,2017-11-28
2206,398,21,2017-11-28
2207,539,63,2017-11-28
2208,454,51,2017-11-28
2209,481,25,2017-11-28
2210,631,65,2017-11-28
2211,523,14,2017-11-28
2212,321,40,2017-11-28
2213,7,35,2017-11-28
2214,728,9,2017-11-28
2215,666,23,2017-11-28
2216,49,24,2017-11-28
2217,661,45,2017-11-28
2218,510,33,2017-11-28
2219,186,64,2017-11-28
2220,194,7,2017-11-28
2221,255,32,2017-11-28
2222,645,75,2017-11-28
2223,396,49,2017-11-28
2224,189,59,2017-11-28
2225,559,18,2017-11-28
2226,307,80,2017-11-28
2227,563,37,2017-11-28
2228,659,61,2017-11-28
2229,546,57,2017-11-28
2230,135,71,2017-11-28
2231,87,19,2017-11-28
2232,463,26,2017-11-28
2233,260,55,2017-11-28
2234,572,22,2017-11-28
2235,372,67,2017-11-28
2236,31,2,2017-11-28
2237,165,74,2017-11-28
2238,509,31,2017-11-28
2239,378,10,2017-11-28
2240,356,4,2017-11-28
2241,722,76,2017-11-28
2242,596,48,2017-11-28
2243,210,3,2017-11-28
2244,180,30,2017-11-28
2245,178,29,2017-11-28
2246,310,56,2017-11-28
2247,629,62,2017-11-28
2248,450,5,2017-11-28
2249,535,36,2017-11-28
2250,238,28,2017-11-28
2251,332,13,2017-11-28
2252,274,11,2017-11-28
2253,499,43,2017-11-28
2254,484,46,2017-11-28
2255,708,69,2017-11-28
2256,29,50,2017-11-28
2257,613,44,2017-11-28
2258,624,6,2017-11-28
2259,755,73,2017-11-28
2260,410,20,2017-11-28
2261,152,54,2017-11-28
2262,70,34,2017-11-28
2263,57,72,2017-11-28
2264,40,8,2017-11-28
2265,97,52,2017-11-28
2266,150,42,2017-11-28
2267,116,60,2017-11-28
2268,604,47,2017-11-28
2269,33,70,2017-11-28
2270,720,15,2017-11-28
2271,549,41,2017-11-28
2272,508,38,2017-11-28
2273,417,39,2017-11-28
2274,219,68,2017-11-28
2275,580,16,2017-11-28
2276,320,1,2017-11-28
2277,538,27,2017-11-28
2278,225,77,2017-11-28
2279,262,8,2017-11-29
2280,771,59,2017-11-29
2281,115,18,2017-11-29
2282,117,24,2017-11-29
2283,225,62,2017-11-29
2284,208,50,2017-11-29
2285,417,21,2017-11-29
2286,173,73,2017-11-29
2287,278,28,2017-11-29
2288,418,60,2017-11-29
2289,667,58,2017-11-29
2290,87,14,2017-11-29
2291,275,76,2017-11-29
2292,495,13,2017-11-29
2293,597,36,2017-11-29
2294,529,77,2017-11-29
2295,467,54,2017-11-29
2296,30,37,2017-11-29
2297,166,61,2017-11-29
2298,487,22,2017-11-29
2299,349,35,2017-11-29
2300,717,31,2017-11-29
2301,230,66,2017-11-29
2302,73,17,2017-11-29
2303,3,23,2017-11-29
2304,69,11,2017-11-29
2305,42,69,2017-11-29
2306,302,64,2017-11-29
2307,252,48,2017-11-29
