id,name,passport_no,birth_date,driving_permit_since
1,Клавдия Соколова,473459527,1985-05-22,1992-10-09
2,Пелагея Черная,937864146,1997-08-28,1999-06-03
3,Ираида Михайлова,850738604,1995-09-01,1996-10-01
4,Пелагея Васильева,529840359,1995-10-03,1996-07-13
5,Добрыня Калачев,596545352,1990-04-12,1998-01-22
6,Еремей Грибов,078988953,1992-02-17,1995-10-19
7,Пелагея Минина,595469970,1995-05-26,1999-05-14
8,Ульяна Грибова,712738116,1995-04-29,1996-06-02
9,Добрыня Черный,066533900,1990-01-20,1996-09-16
10,Злата Смирнова,904122631,1984-07-27,1996-10-16
11,Агафья Смирнова,378916906,1997-10-01,1998-03-01
12,Василиса Попова,144553382,1991-02-12,1994-12-21
13,Агафья Агапова,229323966,1986-09-11,1987-04-18
14,Василиса Соколова,132638544,1992-01-12,1992-01-16
15,Ульяна Грибова,215457843,1981-10-17,1989-10-29
16,Христофор Черный,960794632,1994-10-08,1995-09-20
17,Агафья Минина,168291830,1989-12-15,1990-12-02
18,Митрофан Агапов,563820065,1995-08-07,1996-02-29
19,Ираида Черная,767963525,1981-09-18,1995-04-15
20,Еремей Петров,360192352,1994-05-20,1998-04-19
21,Харитон Иванов,043409489,1984-01-17,1992-04-20
22,Митрофан Калачев,789639600,1988-03-25,1991-09-25
23,Агафья Иванова,445643927,1987-09-04,1993-12-25
24,Аристарх Иванов,946132092,1995-08-21,1998-08-01
25,Еремей Петров,991468493,1990-04-06,1991-09-17
26,Митрофан Калачев,239880127,1984-06-04,1993-10-26
27,Феврония Калачева,080200831,1994-09-05,1995-01-07
28,Евграф Лыков,556879792,1989-07-23,1998-10-25
29,Феврония Минина,358760152,1989-03-04,1997-08-09
30,Христофор Лыков,806128004,1986-02-18,1991-09-21
31,Христофор Калачев,946304106,1992-06-01,1993-07-16
32,Злата Елизарова,748646316,1986-11-16,1991-11-04
33,Клавдия Смирнова,986857174,1996-06-14,1999-02-26
34,Ульяна Агапова,949965208,1982-04-12,1983-01-23
35,Клавдия Калачева,145994077,1988-02-14,1991-09-12
36,Митрофан Калачев,970030309,1981-07-06,1998-05-09
37,Агафья Черная,691030681,1984-07-11,1987-08-29
38,Аристарх Лыков,342996191,1983-03-17,1999-04-11
39,Злата Черная,327240100,1997-01-10,1999-04-14
40,Митрофан Елизаров,460439044,1993-07-23,1994-06-14
41,Василиса Попова,972567437,1985-12-21,1992-07-01
42,Харитон Соколов,464206602,1996-11-18,1997-04-20
43,Алевтина Елизарова,467272918,1983-08-26,1995-01-29
44,Харитон Михайлов,122795073,1990-11-10,1994-05-31
45,Добрыня Попов,425565464,1996-08-04,1997-02-13
46,Клавдия Васильева,163516344,1987-04-21,1995-03-08
47,Евграф Васильев,370604805,1992-01-20,1992-07-09
48,Христофор Калачев,006986727,1993-07-29,1997-10-05
49,Еремей Соколов,484475194,1986-08-06,1988-10-27
50,Василиса Минина,195032010,1987-08-09,1990-04-18
51,Злата Грибова,528346599,1991-05-20,1997-05-04
52,Ираида Елизарова,220106176,1989-04-23,1996-09-19
53,Василиса Черная,187343003,1988-09-09,1992-06-21
54,Добрыня Кузнецов,738237090,1984-06-02,1994-10-15
55,Мирон Иванов,410074940,1994-09-17,1999-09-22
56,Мирон Минин,418934525,1981-09-01,1984-12-10
57,Харитон Соколов,221707227,1991-04-01,1995-11-07
58,Клавдия Михайлова,617367628,1995-07-24,1996-01-30
59,Добрыня Калачев,218535013,1984-12-17,1994-04-23
60,Феврония Смирнова,756278735,1993-12-19,1998-07-20
61,Ираида Смирнова,340266494,1995-02-19,1997-08-10
62,Христофор Попов,873007934,1991-03-30,1997-04-14
63,Алевтина Попова,357106002,1992-05-20,1994-08-27
64,Агафья Иванова,824313973,1997-06-23,1998-06-21
65,Харитон Михайлов,409430185,1993-06-20,1997-11-02
66,Злата Васильева,208176109,1995-03-29,1999-01-04
67,Алевтина Соколова,287090021,1983-07-18,1993-05-07
68,Аристарх Агапов,433959752,1987-11-11,1991-02-03
69,Ульяна Калачева,070657262,1987-11-05,1993-10-16
70,Василиса Лыкова,539957639,1997-06-21,1997-12-18
71,Василиса Агапова,593637690,1981-02-26,1996-05-27
72,Авдей Смирнов,498771549,1996-10-01,1999-09-04
73,Еремей Грибов,576722497,1983-09-02,1985-06-12
74,Феврония Елизарова,778716953,1997-10-12,1998-03-03
75,Феврония Соколова,205966647,1991-05-30,1998-03-08
76,Христофор Васильев,047458791,1997-01-06,1999-08-17
77,Ираида Грибова,876000273,1996-12-09,1997-09-02
78,Алевтина Петрова,481730450,1995-12-02,1996-01-25
79,Василиса Иванова,509893997,1984-03-26,1985-12-17
80,Евграф Елизаров,011467080,1987-11-08,1991-07-09
81,Клавдия Грибова,505822722,1997-02-04,1998-01-14
82,Ираида Кузнецова,056078064,1996-04-04,1998-03-26
83,Митрофан Кузнецов,455838043,1986-08-28,1995-04-16
84,Христофор Михайлов,130708140,1997-09-25,1999-07-17
85,Аристарх Иванов,380039765,1994-01-04,1998-02-25
86,Ульяна Иванова,331316604,1994-08-07,1995-08-06
87,Прасковья Михайлова,878260839,1982-05-13,1983-04-08
88,Авдей Черный,031511962,1991-08-09,1993-12-18
89,Алевтина Лыкова,602212284,1989-03-09,1998-08-22
90,Злата Елизарова,038908507,1981-03-25,1998-07-15
91,Евграф Агапов,049321550,1992-06-01,1995-03-27
92,Евграф Лыков,423635898,1988-04-25,1993-05-03
93,Авдей Грибов,037918070,1989-01-16,1991-08-08
94,Христофор Петров,613459259,1996-09-02,1998-12-04
95,Евграф Агапов,191526246,1991-09-07,1997-10-27
96,Мирон Петров,143076755,1983-03-30,1993-05-31
97,Харитон Попов,387731984,1989-11-26,1998-01-13
98,Прасковья Петрова,699738939,1989-07-02,1992-12-05
99,Ираида Лыкова,105795662,1994-10-12,1998-03-26
100,Ираида Смирнова,370884145,1992-09-02,1997-01-26
101,Митрофан Агапов,808918885,1996-08-21,1998-06-07
102,Пелагея Калачева,138599053,1987-11-13,1988-02-13
103,Ульяна Михайлова,464151881,1982-09-23,1996-12-23
104,Авдей Петров,221181881,1997-02-25,1998-08-23
105,Агафья Минина,469583002,1990-06-18,1997-07-16
106,Василиса Попова,530523372,1989-05-26,1999-04-12
107,Клавдия Михайлова,317454639,1995-12-04,1997-04-29
108,Аристарх Соколов,842432194,1993-12-27,1999-10-17
109,Аристарх Петров,956654360,1989-09-14,1999-08-19
110,Христофор Попов,500231732,1997-05-26,1999-10-17
111,Аристарх Иванов,917108801,1982-12-23,1993-03-02
112,Варлам Петров,376257866,1994-09-07,1996-12-04
113,Агафья Лыкова,666356251,1993-02-11,1994-12-12
114,Варлам Смирнов,434353822,1996-02-21,1997-11-15
115,Варлам Иванов,474424226,1993-04-05,1993-04-19
116,Ираида Лыкова,256910887,1989-11-08,1990-09-23
117,Евграф Соколов,789865719,1984-04-03,1990-05-06
118,Феврония Соколова,852429851,1991-09-27,1996-09-26
119,Еремей Соколов,687469836,1992-06-05,1994-01-31
120,Добрыня Петров,684177934,1988-06-05,1993-06-07
121,Прасковья Калачева,858420916,1981-05-12,1985-03-10
122,Аристарх Елизаров,404737729,1982-04-30,1999-04-23
123,Христофор Михайлов,528235382,1983-08-08,1987-10-18
124,Еремей Грибов,943704697,1990-07-21,1991-02-20
125,Злата Соколова,333818535,1981-07-16,1986-07-07
126,Митрофан Иванов,396470558,1995-08-17,1997-01-07
127,Ульяна Михайлова,579693673,1994-04-02,1996-03-10
128,Варлам Петров,289267083,1997-12-12,1999-07-22
129,Ираида Иванова,179534454,1991-05-15,1993-11-04
130,Варлам Лыков,460862863,1983-12-14,1987-10-12
131,Ираида Иванова,615745238,1993-01-03,1998-10-21
132,Митрофан Смирнов,283238990,1987-05-07,1993-11-06
133,Феврония Смирнова,449078322,1985-03-07,1989-04-22
134,Еремей Елизаров,284892585,1985-03-30,1985-08-22
135,Харитон Лыков,777780152,1986-01-28,1998-01-05
136,Ульяна Смирнова,809974243,1982-06-17,1982-08-29
137,Мирон Черный,208504477,1983-09-04,1987-08-06
138,Евграф Михайлов,639561478,1981-03-25,1983-12-23
139,Аристарх Михайлов,289363565,1988-06-18,1993-11-13
140,Клавдия Минина,558597584,1984-03-14,1987-08-01
141,Митрофан Соколов,794021270,1992-01-10,1992-06-06
142,Ираида Кузнецова,380906983,1983-12-11,1999-04-16
143,Василиса Михайлова,576705329,1987-02-27,1991-08-27
144,Еремей Кузнецов,559890806,1992-02-26,1996-11-06
145,Феврония Соколова,967319629,1986-08-16,1998-09-22
146,Василиса Черная,112764197,1982-04-28,1996-05-27
147,Прасковья Агапова,874617276,1982-11-27,1995-12-30
148,Феврония Смирнова,711398380,1981-09-11,1981-12-18
149,Добрыня Лыков,905357489,1981-10-29,1989-04-02
150,Агафья Минина,912985224,1995-11-21,1996-06-17
151,Евграф Иванов,027859137,1994-02-12,1994-07-08
152,Еремей Елизаров,234503344,1982-01-23,1988-09-09
153,Авдей Попов,510135655,1991-12-03,1998-06-24
154,Евграф Калачев,794370393,1987-10-26,1997-08-10
155,Пелагея Смирнова,655103912,1982-11-18,1990-04-04
156,Варлам Лыков,267868710,1981-01-09,1993-03-18
157,Феврония Лыкова,284979591,1983-10-18,1989-12-21
158,Добрыня Лыков,653322958,1990-08-17,1998-08-04
159,Ираида Попова,317557194,1986-09-22,1995-01-09
160,Алевтина Грибова,423534709,1993-01-12,1993-08-20
161,Злата Елизарова,643698381,1982-05-16,1991-02-16
162,Варлам Агапов,388426797,1991-06-04,1996-02-14
163,Варлам Минин,750507870,1990-11-15,1993-11-02
164,Василиса Смирнова,958129521,1996-02-14,1999-08-14
165,Митрофан Васильев,086918054,1993-06-13,1995-03-07
166,Христофор Васильев,887701250,1996-03-24,1998-10-01
167,Митрофан Иванов,138267613,1986-05-28,1989-05-11
168,Добрыня Лыков,039908794,1984-09-10,1993-01-20
169,Христофор Елизаров,043538731,1993-11-26,1994-12-15
170,Феврония Кузнецова,554430516,1981-08-04,1992-11-03
171,Злата Попова,485520901,1985-01-30,1993-11-28
172,Добрыня Грибов,628660372,1988-04-25,1992-11-11
173,Ираида Соколова,024682376,1989-10-12,1991-11-29
174,Прасковья Смирнова,662192025,1983-02-10,1991-05-30
175,Клавдия Кузнецова,738195473,1989-08-10,1992-11-17
176,Митрофан Васильев,841152291,1992-03-16,1996-03-22
177,Феврония Лыкова,403912086,1995-03-22,1996-08-06
178,Ульяна Попова,716657596,1990-12-06,1997-03-09
179,Агафья Кузнецова,161786022,1991-03-10,1997-10-25
180,Мирон Елизаров,190363022,1997-10-24,1999-03-30
181,Феврония Кузнецова,387459776,1995-10-16,1996-08-25
182,Ираида Васильева,269334360,1988-07-18,1995-09-20
183,Пелагея Грибова,551013244,1988-03-08,1995-04-22
184,Злата Михайлова,037810369,1997-02-09,1997-07-30
185,Мирон Смирнов,794638459,1991-11-12,1993-11-08
186,Ульяна Смирнова,762600863,1997-02-04,1998-07-13
187,Феврония Калачева,074136459,1981-01-01,1983-09-21
188,Еремей Смирнов,178167286,1993-04-14,1995-05-01
189,Еремей Попов,755013632,1995-01-22,1995-11-10
190,Митрофан Елизаров,485962548,1990-06-27,1993-12-04
191,Прасковья Калачева,189304776,1985-04-17,1989-04-04
192,Еремей Калачев,896504494,1994-11-15,1995-10-11
193,Добрыня Смирнов,769420047,1997-10-24,1999-02-22
194,Агафья Грибова,747700363,1995-02-05,1999-03-15
195,Клавдия Агапова,566616497,1985-10-19,1999-06-09
196,Ираида Минина,434961044,1990-12-08,1996-04-12
197,Харитон Васильев,184009061,1987-05-21,1995-03-01
198,Ираида Черная,249048118,1988-05-30,1993-05-04
199,Мирон Васильев,340682965,1981-07-19,1996-07-15
200,Христофор Соколов,320008840,1981-09-22,1998-06-28
201,Варлам Елизаров,071894174,1994-06-26,1994-11-23
202,Прасковья Елизарова,850508279,1983-05-06,1989-06-26
203,Феврония Васильева,926147323,1992-11-04,1996-08-30
204,Авдей Кузнецов,611441988,1993-07-21,1997-11-26
205,Евграф Минин,071211627,1986-06-26,1999-08-21
206,Ираида Агапова,033942790,1997-10-12,1998-12-03
207,Клавдия Лыкова,629987298,1991-12-29,1992-01-20
208,Злата Кузнецова,486206382,1990-08-11,1996-01-30
209,Злата Лыкова,845463837,1991-11-24,1997-11-15
210,Аристарх Михайлов,769769708,1996-04-09,1998-11-04
211,Мирон Соколов,498762099,1987-08-26,1989-07-10
212,Варлам Агапов,129454423,1982-09-04,1985-04-27
213,Харитон Грибов,554777940,1981-05-25,1998-09-04
214,Клавдия Иванова,934477415,1989-05-09,1997-11-02
215,Аристарх Васильев,741934617,1982-02-17,1983-11-08
216,Ульяна Калачева,735358085,1993-04-05,1999-10-12
217,Варлам Кузнецов,506550314,1981-06-16,1990-02-09
218,Аристарх Черный,693764424,1991-08-01,1992-06-27
219,Митрофан Калачев,876101328,1996-01-12,1996-07-31
220,Еремей Лыков,405430323,1992-12-12,1998-06-24
221,Злата Петрова,881661542,1993-11-11,1995-09-17
222,Прасковья Черная,046701686,1982-10-17,1989-03-31
223,Авдей Елизаров,389577664,1984-09-04,1996-01-03
224,Злата Кузнецова,593786057,1993-04-11,1994-08-30
225,Ульяна Иванова,909407112,1986-12-02,1993-05-15
226,Алевтина Минина,456226611,1990-12-30,1996-08-17
227,Прасковья Васильева,556568372,1983-12-14,1984-09-20
228,Митрофан Михайлов,780501809,1993-07-03,1993-09-01
229,Клавдия Калачева,833656343,1993-11-08,1998-03-25
230,Мирон Елизаров,470698322,1996-01-07,1998-10-31
231,Василиса Соколова,845434826,1986-08-03,1990-02-11
232,Варлам Михайлов,788194919,1986-01-24,1991-12-19
233,Христофор Васильев,861941800,1995-04-03,1996-01-02
234,Агафья Агапова,156304382,1982-08-08,1998-10-17
235,Добрыня Соколов,809919273,1985-11-12,1987-10-29
236,Мирон Елизаров,038895344,1993-10-15,1996-03-08
237,Христофор Иванов,590868793,1986-08-15,1999-07-18
238,Прасковья Калачева,224098183,1994-05-30,1998-11-07
239,Ульяна Соколова,408981478,1991-04-28,1999-01-17
240,Ираида Грибова,919358014,1983-05-09,1990-04-11
241,Ираида Грибова,325459084,1984-03-31,1996-08-11
242,Прасковья Агапова,537839521,1989-01-11,1994-08-31
243,Пелагея Минина,332988098,1997-01-18,1998-01-11
244,Ираида Соколова,527977781,1982-04-21,1992-04-14
245,Алевтина Черная,540014655,1988-06-03,1991-05-23
246,Агафья Петрова,866875040,1990-03-30,1997-10-28
247,Прасковья Петрова,378580244,1982-09-14,1992-05-13
248,Злата Елизарова,000357618,1990-02-12,1996-05-30
249,Христофор Кузнецов,659856456,1987-06-13,1995-10-02
250,Злата Соколова,017331540,1984-02-14,1987-03-21
251,Христофор Агапов,477435468,1997-07-09,1999-07-03
252,Алевтина Михайлова,275110166,1984-08-28,1990-09-20
253,Клавдия Елизарова,302467877,1985-05-07,1996-06-08
254,Злата Грибова,329631328,1992-10-08,1994-08-30
255,Аристарх Елизаров,990504182,1985-04-06,1987-09-21
256,Авдей Лыков,517287242,1989-06-23,1993-11-06
257,Прасковья Елизарова,832381946,1992-09-09,1993-03-30
258,Агафья Агапова,831060501,1987-10-19,1993-08-07
259,Харитон Смирнов,999547527,1996-12-18,1999-09-05
260,Евграф Лыков,354158916,1990-01-27,1991-06-29
261,Еремей Михайлов,789165692,1991-04-12,1993-05-25
262,Агафья Иванова,725377984,1996-09-05,1997-06-30
263,Евграф Соколов,343323339,1993-01-05,1999-10-02
264,Авдей Лыков,708101809,1990-11-06,1993-08-13
265,Еремей Грибов,763660463,1985-02-09,1993-06-06
266,Варлам Иванов,990768437,1995-09-01,1996-05-11
267,Феврония Лыкова,958012210,1994-01-16,1996-12-02
268,Феврония Калачева,406669726,1991-06-03,1995-03-26
269,Алевтина Елизарова,592678599,1993-11-02,1996-08-01
270,Ульяна Смирнова,678788935,1990-12-14,1993-09-18
271,Феврония Калачева,345942857,1996-11-17,1996-12-06
272,Варлам Соколов,375662303,1988-07-29,1993-12-10
273,Аристарх Грибов,219440610,1992-08-11,1998-01-06
274,Варлам Васильев,124539760,1981-12-19,1993-12-10
275,Прасковья Минина,822013280,1995-02-01,1995-11-29
276,Аристарх Минин,642646752,1995-02-28,1996-09-03
277,Авдей Соколов,204330547,1992-03-13,1998-07-05
278,Василиса Иванова,750791755,1997-06-20,1997-12-12
279,Митрофан Кузнецов,876208791,1987-02-11,1995-09-15
280,Василиса Елизарова,991154027,1981-04-30,1996-01-11
281,Пелагея Черная,396301957,1987-03-26,1996-12-05
282,Добрыня Грибов,935601221,1996-11-30,1998-05-22
283,Авдей Кузнецов,407268421,1995-07-03,1996-04-11
284,Добрыня Грибов,014959892,1990-12-11,1993-02-11
285,Ульяна Черная,984444318,1991-05-25,1994-10-21
286,Евграф Кузнецов,109738525,1995-09-16,1996-08-24
287,Евграф Васильев,692086129,1987-05-03,1998-02-12
288,Феврония Агапова,889488471,1996-04-10,1997-08-30
289,Василиса Минина,243928896,1986-11-06,1997-03-15
290,Варлам Иванов,228121213,1996-05-20,1998-12-10
291,Феврония Кузнецова,221293435,1982-10-11,1999-10-19
292,Пелагея Смирнова,034436814,1990-05-27,1995-08-29
293,Феврония Черная,881033085,1995-10-03,1997-12-23
294,Прасковья Минина,715264089,1987-10-06,1999-02-24
295,Пелагея Соколова,209712692,1992-10-09,1993-08-03
296,Ульяна Минина,479173889,1981-03-12,1990-12-05
297,Ульяна Попова,141031292,1981-11-13,1998-02-18
298,Клавдия Иванова,311704542,1987-08-21,1989-06-15
299,Агафья Кузнецова,262486684,1986-01-03,1992-03-20
300,Аристарх Смирнов,763823892,1991-02-10,1995-05-21
301,Добрыня Иванов,707500464,1994-10-25,1996-12-14
302,Ираида Петрова,030666670,1988-02-18,1997-06-08
303,Алевтина Минина,542111246,1993-10-14,1993-12-29
304,Харитон Михайлов,239428918,1989-04-09,1990-01-23
305,Харитон Минин,637780356,1990-04-24,1995-07-28
306,Прасковья Васильева,825299384,1991-11-06,1996-02-07
307,Аристарх Агапов,831291278,1997-09-04,1999-06-20
308,Добрыня Петров,469688231,1995-08-18,1998-02-02
309,Клавдия Соколова,709650016,1986-08-25,1992-04-11
310,Злата Минина,274626207,1986-08-19,1988-06-22
311,Аристарх Михайлов,960603080,1987-06-17,1997-06-14
312,Ульяна Михайлова,444868556,1985-05-22,1990-11-01
313,Клавдия Елизарова,709988968,1987-10-12,1991-02-13
314,Митрофан Иванов,171179981,1987-01-03,1992-08-01
315,Феврония Иванова,878496233,1984-11-24,1993-06-12
316,Евграф Елизаров,132233575,1994-12-16,1995-06-07
317,Агафья Грибова,574004631,1992-03-17,1999-04-25
318,Ираида Петрова,955381669,1985-09-20,1987-09-17
319,Ульяна Калачева,579525621,1989-08-05,1990-12-28
320,Аристарх Попов,460114824,1985-12-28,1986-07-29
321,Еремей Смирнов,372957557,1984-08-23,1985-04-12
322,Пелагея Кузнецова,023606786,1984-02-15,1987-10-05
323,Пелагея Петрова,363601683,1991-05-24,1998-03-03
324,Клавдия Смирнова,228644195,1992-05-14,1995-08-13
325,Митрофан Черный,076414702,1986-06-05,1996-03-31
326,Харитон Калачев,644763403,1996-10-02,1998-07-27
327,Ираида Соколова,680621620,1988-07-01,1990-02-20
328,Прасковья Елизарова,545206934,1994-01-02,1998-01-11
329,Агафья Попова,035191602,1994-01-22,1997-10-27
330,Мирон Лыков,696043606,1996-02-13,1996-12-03
331,Авдей Попов,202950768,1995-08-20,1998-11-09
332,Прасковья Калачева,252210285,1995-11-14,1998-04-30
333,Злата Лыкова,109026573,1983-01-16,1999-04-01
334,Агафья Иванова,179902074,1984-12-16,1997-04-06
335,Варлам Елизаров,111379049,1997-07-17,1999-02-06
336,Пелагея Черная,245016809,1983-05-04,1988-11-14
337,Клавдия Иванова,595998383,1987-01-21,1992-12-15
338,Алевтина Грибова,848734283,1996-04-03,1999-02-05
339,Аристарх Елизаров,670321383,1985-10-13,1997-04-19
340,Христофор Агапов,134379414,1990-04-19,1990-09-27
341,Митрофан Соколов,197632726,1997-08-25,1998-06-02
342,Митрофан Грибов,240026753,1990-05-02,1996-05-26
343,Евграф Минин,347456645,1981-03-01,1992-09-08
344,Агафья Иванова,956901453,1988-11-21,1996-08-18
345,Христофор Михайлов,541150583,1990-09-18,1999-03-07
346,Клавдия Минина,601670444,1986-09-24,1994-09-20
347,Ираида Иванова,325599786,1996-10-03,1999-01-08
348,Феврония Калачева,992263376,1988-05-28,1998-12-08
349,Прасковья Михайлова,738387609,1982-10-09,1989-12-21
350,Авдей Иванов,599676412,1995-08-05,1997-05-14
351,Харитон Черный,696281647,1984-06-23,1988-02-03
352,Евграф Иванов,199689313,1995-04-19,1998-08-01
353,Пелагея Соколова,424940883,1995-06-05,1996-03-16
354,Митрофан Грибов,075624364,1988-06-09,1989-03-16
355,Евграф Лыков,563894546,1987-12-28,1988-05-18
356,Аристарх Агапов,214523471,1984-04-20,1992-08-29
357,Феврония Лыкова,465622997,1991-04-06,1994-09-29
358,Ираида Васильева,717126231,1986-11-09,1998-10-24
359,Алевтина Черная,303924263,1982-08-15,1999-08-05
360,Злата Грибова,571488575,1997-09-26,1998-07-05
361,Прасковья Смирнова,825333817,1982-08-02,1983-05-10
362,Феврония Михайлова,444529835,1994-02-14,1997-03-22
363,Ульяна Кузнецова,554908074,1991-11-30,1997-03-12
364,Агафья Лыкова,986156961,1984-01-25,1997-02-05
365,Христофор Петров,987495896,1986-09-10,1991-04-15
366,Ираида Иванова,895291707,1990-02-16,1991-04-11
367,Клавдия Грибова,286850954,1984-02-02,1997-01-14
368,Добрыня Агапов,147081127,1986-05-13,1992-02-19
369,Прасковья Кузнецова,143760151,1996-04-29,1996-11-21
370,Клавдия Грибова,245936852,1981-02-28,1998-08-21
371,Еремей Калачев,911633560,1989-05-25,1992-10-31
372,Авдей Иванов,015362603,1984-08-01,1998-06-19
373,Евграф Иванов,646402987,1981-07-18,1983-08-25
374,Мирон Васильев,629361085,1981-07-25,1988-09-15
375,Аристарх Грибов,485756881,1994-08-17,1996-11-27
376,Клавдия Соколова,969637885,1986-02-23,1988-12-22
377,Христофор Калачев,852448484,1982-06-03,1995-08-22
378,Митрофан Агапов,769758992,1991-05-02,1999-02-04
379,Евграф Иванов,803313940,1988-01-04,1995-02-27
380,Ираида Черная,851646223,1991-05-05,1994-10-04
381,Мирон Петров,049009300,1992-04-12,1992-05-24
382,Харитон Елизаров,938608977,1981-08-02,1996-11-30
383,Христофор Иванов,110087581,1987-01-13,1997-08-22
384,Клавдия Минина,679126823,1985-05-15,1985-08-24
385,Агафья Михайлова,328523592,1985-07-17,1986-01-08
386,Еремей Смирнов,688239567,1984-05-05,1994-05-27
387,Ульяна Агапова,763519006,1988-07-14,1992-05-25
388,Ираида Соколова,024805583,1996-12-11,1998-05-25
389,Евграф Попов,225623935,1991-10-12,1995-05-26
390,Митрофан Попов,499217012,1987-05-02,1997-09-14
391,Митрофан Лыков,150258333,1989-04-03,1992-08-25
392,Феврония Черная,300958255,1992-06-04,1994-04-29
393,Христофор Лыков,599488869,1996-08-14,1997-03-04
394,Злата Попова,532314857,1984-09-27,1987-01-29
395,Варлам Петров,634262504,1986-03-16,1995-06-14
396,Ульяна Елизарова,218297814,1983-12-15,1984-03-12
397,Харитон Черный,683857807,1994-04-12,1995-03-11
398,Христофор Кузнецов,636930301,1986-02-23,1993-06-19
399,Пелагея Смирнова,358759514,1996-06-16,1997-01-01
400,Аристарх Михайлов,791776730,1994-12-03,1997-08-09
401,Христофор Михайлов,540163737,1984-01-19,1991-04-22
402,Василиса Васильева,796570761,1987-11-12,1988-09-29
403,Прасковья Попова,338472694,1982-05-05,1984-02-23
404,Агафья Смирнова,878378678,1981-08-30,1997-04-15
405,Клавдия Черная,688812977,1984-08-22,1987-10-14
406,Алевтина Васильева,961878610,1995-12-18,1997-03-30
407,Добрыня Михайлов,756808294,1990-12-01,1994-11-20
408,Варлам Елизаров,241969688,1981-09-30,1997-11-20
409,Клавдия Лыкова,999059611,1992-04-19,1997-11-16
410,Добрыня Соколов,635092781,1987-04-05,1988-05-13
411,Аристарх Кузнецов,670449455,1992-02-17,1997-12-09
412,Авдей Черный,185058247,1996-10-14,1996-11-02
413,Авдей Васильев,437984162,1990-05-13,1996-11-16
414,Евграф Попов,484767826,1993-01-26,1996-06-24
415,Харитон Агапов,585221306,1986-03-19,1989-03-04
416,Злата Иванова,934175020,1983-06-29,1997-07-22
417,Христофор Черный,953315400,1991-03-21,1999-06-26
418,Харитон Соколов,265934544,1996-04-17,1999-07-25
419,Мирон Минин,880604224,1992-01-15,1996-06-04
420,Мирон Михайлов,993110083,1995-10-17,1996-11-23
421,Митрофан Минин,636454295,1987-10-19,1992-02-04
422,Пелагея Грибова,526033402,1990-05-14,1995-11-14
423,Клавдия Иванова,073336883,1991-04-14,1995-09-08
424,Агафья Грибова,446393132,1992-11-15,1999-07-11
425,Прасковья Агапова,152192612,1985-08-25,1989-08-23
426,Харитон Иванов,694014202,1987-02-18,1999-01-21
427,Митрофан Агапов,014057259,1996-12-10,1998-07-06
428,Варлам Соколов,988320744,1995-12-03,1997-05-20
429,Авдей Минин,132109465,1990-06-21,1992-01-07
430,Прасковья Васильева,204886840,1992-02-20,1992-04-01
431,Мирон Попов,469645445,1983-03-03,1999-07-30
432,Еремей Лыков,484691794,1996-04-26,1998-09-25
433,Василиса Черная,301073062,1986-09-08,1989-11-19
434,Ираида Елизарова,370695253,1996-10-18,1999-08-07
435,Митрофан Попов,004208038,1989-01-12,1991-08-10
436,Ульяна Агапова,838471415,1985-05-25,1991-06-27
437,Варлам Черный,095392641,1985-09-11,1990-03-04
438,Мирон Попов,001068435,1986-04-27,1988-10-01
439,Алевтина Кузнецова,565139076,1994-02-06,1999-04-03
440,Ульяна Кузнецова,586181914,1991-05-03,1999-05-11
441,Василиса Грибова,455970655,1992-03-28,1994-06-11
442,Мирон Черный,772580878,1986-07-01,1992-12-12
443,Клавдия Грибова,040607601,1982-08-10,1992-06-12
444,Клавдия Черная,945082941,1986-12-15,1989-08-14
445,Пелагея Смирнова,792841735,1989-03-28,1994-07-30
446,Харитон Елизаров,527813097,1981-07-11,1983-12-07
447,Харитон Грибов,827328746,1986-01-26,1988-03-27
448,Варлам Агапов,833686281,1994-12-15,1995-12-17
449,Клавдия Елизарова,457846875,1984-07-17,1991-08-03
450,Авдей Минин,204520740,1984-06-07,1993-03-14
451,Мирон Лыков,460578042,1996-11-24,1999-09-20
452,Харитон Минин,284840261,1990-05-30,1995-07-27
453,Добрыня Петров,840230657,1981-06-26,1982-08-15
454,Добрыня Минин,087008405,1995-01-07,1996-08-03
455,Ираида Попова,868681211,1993-07-06,1994-09-07
456,Авдей Соколов,170089023,1986-11-07,1986-12-19
457,Алевтина Лыкова,381964710,1985-08-01,1991-04-22
458,Василиса Черная,833897951,1991-07-26,1996-05-17
459,Прасковья Васильева,935687392,1992-04-20,1992-06-10
460,Феврония Попова,522283833,1989-09-10,1992-11-19
461,Ульяна Минина,983488550,1991-12-21,1997-06-21
462,Еремей Васильев,031262085,1981-04-09,1990-09-11
463,Пелагея Васильева,805269483,1981-07-10,1990-10-25
464,Митрофан Грибов,071121125,1994-08-07,1998-02-21
465,Феврония Грибова,291170997,1994-04-05,1999-10-11
466,Ульяна Смирнова,531257977,1986-11-11,1996-09-23
467,Ираида Грибова,137542374,1994-04-01,1996-06-29
468,Варлам Черный,906035449,1995-08-03,1997-08-30
469,Прасковья Агапова,383583132,1984-06-01,1994-08-11
470,Варлам Минин,592951432,1990-11-28,1998-05-27
471,Злата Грибова,174599659,1990-05-20,1995-07-24
472,Еремей Калачев,645316118,1986-04-30,1993-01-18
473,Агафья Агапова,656357418,1994-12-13,1998-12-24
474,Митрофан Грибов,319447779,1994-08-15,1997-12-15
475,Алевтина Смирнова,552548995,1995-01-26,1997-07-11
476,Авдей Иванов,748844564,1985-09-08,1986-03-31
477,Пелагея Иванова,128368525,1997-06-22,1997-09-05
478,Аристарх Кузнецов,668511966,1987-10-26,1988-07-15
479,Аристарх Минин,339573378,1996-12-04,1997-08-26
480,Христофор Грибов,954360960,1986-02-25,1988-10-28
481,Добрыня Попов,758529008,1986-08-14,1998-02-28
482,Прасковья Агапова,369205433,1993-06-01,1999-07-20
483,Феврония Соколова,435916198,1992-07-03,1995-02-18
484,Варлам Иванов,792663219,1991-05-02,1994-05-05
485,Мирон Агапов,365199814,1985-07-17,1988-04-27
486,Ираида Грибова,286363677,1984-01-07,1998-04-27
487,Клавдия Минина,626732797,1987-05-27,1989-12-13
488,Ульяна Попова,271905551,1982-11-10,1985-05-27
489,Христофор Попов,365943028,1987-04-02,1991-02-05
490,Феврония Михайлова,383518342,1987-07-19,1991-08-15
491,Варлам Калачев,559762850,1996-09-21,1996-11-06
492,Прасковья Смирнова,035280828,1984-04-03,1992-09-22
493,Клавдия Михайлова,702042807,1994-12-03,1995-09-19
494,Алевтина Кузнецова,869616361,1981-01-11,1982-08-25
495,Клавдия Михайлова,553231078,1991-03-21,1994-12-09
496,Харитон Агапов,103803953,1996-01-07,1996-03-12
497,Клавдия Иванова,464367451,1995-12-21,1999-07-08
498,Митрофан Черный,825905752,1991-05-11,1994-05-18
499,Алевтина Соколова,696146016,1988-06-23,1998-07-09
500,Мирон Кузнецов,625720171,1988-05-10,1997-07-02
501,Ираида Калачева,760447747,1994-09-03,1998-09-21
502,Христофор Смирнов,831619773,1988-11-14,1992-06-04
503,Ульяна Васильева,947090523,1992-01-30,1998-06-21
504,Митрофан Минин,038384212,1989-01-29,1994-07-06
505,Пелагея Лыкова,906406662,1995-09-10,1997-09-27
506,Харитон Соколов,386299752,1992-03-06,1997-09-20
507,Харитон Елизаров,651232928,1988-01-25,1990-12-14
508,Евграф Смирнов,034377725,1985-07-25,1999-09-04
509,Василиса Васильева,738844371,1993-06-08,1993-06-15
510,Харитон Смирнов,722523585,1993-11-23,1999-02-20
511,Василиса Агапова,142304348,1990-08-24,1992-06-26
512,Василиса Иванова,844518409,1983-06-01,1991-09-13
513,Авдей Иванов,004017309,1990-03-29,1993-05-09
514,Алевтина Агапова,690849305,1996-09-10,1997-10-09
515,Феврония Попова,522097942,1992-07-06,1996-07-26
516,Варлам Черный,457207462,1993-05-13,1997-10-02
517,Прасковья Грибова,240384744,1981-02-03,1996-05-14
518,Евграф Попов,259814389,1996-04-28,1999-04-11
519,Алевтина Попова,474811785,1985-06-27,1991-11-19
520,Феврония Минина,376536769,1995-04-10,1996-09-20
521,Харитон Попов,651527646,1984-07-04,1985-02-24
522,Алевтина Петрова,025513482,1983-12-27,1991-07-27
523,Варлам Петров,992670736,1990-04-05,1995-03-31
524,Еремей Грибов,506425667,1981-12-22,1992-03-02
525,Варлам Михайлов,002815752,1985-09-10,1994-02-18
526,Митрофан Смирнов,018818841,1986-12-28,1999-09-15
527,Авдей Агапов,562352856,1984-04-10,1989-05-29
528,Агафья Минина,647064700,1985-06-24,1988-06-18
529,Ираида Смирнова,817353280,1985-04-10,1986-01-14
530,Мирон Михайлов,273756248,1989-10-17,1990-12-04
531,Авдей Минин,827643825,1995-08-14,1996-05-16
532,Варлам Смирнов,979035508,1996-11-17,1999-07-12
533,Еремей Смирнов,686680647,1996-03-05,1996-12-18
534,Василиса Елизарова,814950227,1993-12-19,1999-04-11
535,Митрофан Агапов,987110099,1982-01-22,1989-01-07
536,Феврония Кузнецова,592270626,1982-08-08,1997-02-14
537,Ираида Минина,366434980,1990-02-17,1996-12-17
538,Ульяна Лыкова,429574384,1983-03-18,1997-04-28
539,Евграф Агапов,315817856,1996-06-12,1998-09-25
540,Клавдия Васильева,393599932,1994-07-26,1997-08-29
541,Злата Черная,993260924,1986-07-13,1997-08-11
542,Варлам Минин,910205380,1990-01-30,1995-11-17
543,Добрыня Кузнецов,562650214,1994-01-04,1994-10-15
544,Авдей Агапов,913581368,1985-06-30,1989-11-08
545,Пелагея Иванова,364466518,1981-04-05,1996-11-29
546,Аристарх Михайлов,889141651,1996-01-10,1998-09-01
547,Варлам Смирнов,774502455,1996-01-25,1997-06-12
548,Митрофан Кузнецов,692040592,1992-10-06,1994-06-18
549,Аристарх Калачев,071423714,1995-11-29,1997-08-30
550,Еремей Васильев,804547456,1992-08-20,1993-10-02
551,Харитон Елизаров,110151133,1996-09-24,1998-04-12
552,Злата Елизарова,813722027,1986-10-28,1994-12-19
553,Алевтина Попова,044577966,1992-12-15,1999-07-14
554,Харитон Соколов,030684384,1984-04-27,1995-06-21
555,Еремей Васильев,185364238,1993-04-08,1993-04-30
556,Злата Черная,277764618,1985-08-02,1996-05-12
557,Евграф Смирнов,286681814,1981-02-19,1986-11-29
558,Алевтина Михайлова,861279103,1981-09-07,1984-12-04
559,Алевтина Калачева,936045976,1992-11-17,1996-07-20
560,Добрыня Попов,555806492,1994-03-18,1998-10-01
561,Митрофан Елизаров,852612607,1997-10-04,1998-10-13
562,Феврония Калачева,194170239,1987-05-09,1988-01-21
563,Мирон Михайлов,006470504,1987-03-12,1999-01-31
564,Евграф Кузнецов,244804994,1989-11-30,1998-12-22
565,Аристарх Черный,723174731,1982-11-02,1997-08-25
566,Агафья Иванова,016502705,1992-09-01,1994-04-18
567,Агафья Михайлова,671046770,1990-04-11,1998-01-18
568,Добрыня Петров,379802129,1981-01-25,1991-02-18
569,Агафья Калачева,441010738,1984-03-23,1999-03-27
570,Ульяна Черная,017748585,1994-08-09,1995-08-19
571,Ираида Петрова,670508030,1985-04-24,1990-03-13
572,Харитон Петров,503114696,1986-03-25,1993-03-12
573,Христофор Черный,576231490,1996-08-11,1998-09-01
574,Евграф Калачев,305393497,1986-12-23,1992-06-20
575,Клавдия Грибова,735876940,1995-03-15,1995-10-24
576,Ульяна Грибова,217467673,1995-02-06,1998-10-23
577,Ираида Иванова,262275680,1997-08-13,1998-06-10
578,Харитон Минин,651797330,1987-11-16,1992-03-11
579,Христофор Кузнецов,617031536,1988-08-04,1990-06-10
580,Василиса Иванова,948852582,1986-06-23,1988-01-02
581,Евграф Калачев,467001345,1981-01-08,1992-11-10
582,Ульяна Черная,874931848,1994-04-03,1999-08-15
583,Христофор Смирнов,881161514,1981-11-15,1990-03-08
584,Аристарх Михайлов,194455096,1996-11-26,1997-01-29
585,Ираида Смирнова,206797693,1989-08-02,1991-12-11
586,Аристарх Елизаров,459634596,1981-11-04,1991-04-12
587,Христофор Иванов,982529679,1983-11-27,1988-05-05
588,Ираида Кузнецова,877841726,1985-05-25,1997-12-21
589,Василиса Грибова,882517439,1987-07-14,1988-09-17
590,Прасковья Минина,394734213,1993-04-27,1999-03-15
591,Аристарх Васильев,861223740,1982-04-25,1992-05-20
592,Пелагея Лыкова,521220820,1981-05-25,1996-07-05
593,Еремей Петров,968466999,1995-10-30,1999-04-19
594,Пелагея Лыкова,791343128,1982-04-03,1987-02-17
595,Христофор Петров,626692019,1992-07-20,1998-08-16
596,Ульяна Калачева,590346989,1986-08-23,1988-03-11
597,Митрофан Агапов,107078988,1984-09-13,1990-12-20
598,Василиса Попова,135178042,1982-11-29,1985-06-15
599,Клавдия Михайлова,370385640,1990-03-26,1991-01-31
600,Феврония Грибова,985408768,1981-08-15,1982-02-15
601,Христофор Кузнецов,552318869,1982-03-02,1991-11-04
602,Ираида Минина,016747621,1996-03-01,1997-07-11
603,Харитон Попов,567674036,1990-03-25,1992-07-06
604,Варлам Кузнецов,285762482,1981-07-15,1989-08-07
605,Прасковья Михайлова,768580787,1990-03-05,1995-02-10
606,Добрыня Смирнов,765793295,1992-04-12,1996-09-13
607,Аристарх Петров,214927055,1988-11-20,1995-08-06
608,Добрыня Черный,277097711,1995-04-19,1999-06-16
609,Ираида Михайлова,427938201,1996-12-26,1998-01-02
610,Митрофан Калачев,238867958,1982-05-12,1992-06-01
611,Христофор Иванов,778388483,1981-05-13,1985-07-22
612,Пелагея Васильева,088961987,1993-10-19,1999-03-01
613,Алевтина Елизарова,334821254,1989-07-24,1990-06-15
614,Злата Михайлова,884747354,1994-08-27,1996-02-20
615,Митрофан Соколов,977385849,1993-03-01,1994-09-23
616,Харитон Попов,063423417,1987-02-19,1997-01-10
617,Авдей Минин,509970614,1984-09-08,1995-09-05
618,Харитон Минин,678590382,1983-02-12,1991-02-10
619,Митрофан Михайлов,966213245,1983-04-14,1995-11-17
620,Алевтина Попова,022572631,1983-10-05,1987-07-22
621,Авдей Елизаров,429453402,1997-09-22,1997-10-08
622,Ульяна Калачева,693224881,1985-10-28,1997-02-11
623,Злата Калачева,735554327,1989-05-30,1995-01-03
624,Прасковья Васильева,364766408,1995-07-18,1996-03-28
625,Авдей Елизаров,575725701,1989-07-25,1989-12-26
626,Алевтина Калачева,401102031,1985-11-12,1992-01-08
627,Пелагея Елизарова,646996165,1991-04-17,1998-01-04
628,Феврония Смирнова,534055831,1994-10-05,1997-02-02
629,Прасковья Васильева,180090725,1997-04-04,1997-08-23
630,Еремей Смирнов,518582196,1991-06-05,1993-03-15
631,Харитон Кузнецов,221860801,1992-11-05,1998-03-14
632,Феврония Иванова,041475883,1988-01-18,1990-11-24
633,Злата Петрова,866312170,1987-12-16,1990-06-07
634,Ульяна Калачева,612695089,1995-03-21,1998-03-01
635,Аристарх Калачев,875635620,1988-05-02,1993-09-20
636,Василиса Лыкова,905432390,1982-12-05,1992-11-09
637,Аристарх Васильев,527159799,1992-01-16,1998-09-19
638,Христофор Михайлов,165187047,1984-09-18,1991-07-10
639,Феврония Черная,804195705,1988-02-02,1996-04-16
640,Митрофан Васильев,506917768,1990-04-15,1991-05-30
641,Клавдия Васильева,636645843,1996-07-12,1998-11-18
642,Агафья Минина,871657473,1996-03-15,1998-10-09
643,Авдей Попов,738497019,1993-11-12,1999-01-02
644,Авдей Петров,076510811,1993-05-17,1996-08-16
645,Алевтина Иванова,486716552,1984-01-16,1998-05-29
646,Евграф Черный,718342498,1982-12-28,1985-12-19
647,Еремей Грибов,210185900,1991-01-27,1993-03-19
648,Клавдия Смирнова,231653343,1990-09-25,1994-05-13
649,Авдей Агапов,538126911,1982-04-25,1990-01-06
650,Алевтина Михайлова,458226122,1982-12-29,1986-05-13
651,Евграф Елизаров,119265891,1986-03-16,1991-01-24
652,Еремей Грибов,312170942,1991-11-29,1992-11-21
653,Василиса Васильева,023840783,1984-10-08,1995-10-03
654,Алевтина Минина,477761280,1993-05-13,1997-04-27
655,Василиса Кузнецова,813805916,1997-04-08,1998-05-16
656,Алевтина Лыкова,219860225,1986-08-09,1991-04-19
657,Евграф Соколов,741206554,1984-07-14,1988-12-11
658,Мирон Иванов,469727343,1981-05-07,1996-01-17
659,Аристарх Калачев,626017832,1982-04-03,1997-02-28
660,Ульяна Калачева,306807586,1984-03-09,1987-01-16
661,Агафья Кузнецова,273850754,1995-11-25,1998-11-30
662,Добрыня Иванов,453821177,1988-07-03,1997-02-03
663,Ираида Васильева,404695497,1986-07-15,1991-10-08
664,Феврония Черная,176345956,1983-06-05,1996-10-29
665,Харитон Попов,004556907,1995-06-15,1999-07-23
666,Клавдия Попова,078123397,1982-10-29,1994-11-20
667,Харитон Васильев,832313395,1987-04-19,1987-08-25
668,Харитон Михайлов,389031787,1981-09-22,1993-08-11
669,Пелагея Агапова,988046817,1984-07-17,1990-04-08
670,Алевтина Иванова,012103037,1994-02-07,1995-08-18
671,Мирон Попов,591423080,1995-09-23,1998-01-27
672,Феврония Грибова,289396473,1981-03-03,1981-05-03
673,Христофор Лыков,006228643,1992-05-19,1995-01-22
674,Христофор Иванов,133547797,1994-07-27,1996-07-01
675,Еремей Елизаров,064224614,1983-12-09,1990-08-02
676,Феврония Елизарова,137468938,1985-04-23,1992-08-27
677,Мирон Лыков,444103412,1983-11-06,1995-01-24
678,Пелагея Черная,743544381,1984-03-09,1984-03-28
679,Клавдия Минина,141873816,1994-01-12,1994-06-19
680,Харитон Смирнов,542431531,1985-12-29,1992-06-19
681,Аристарх Попов,418564431,1987-12-08,1994-05-07
682,Ираида Иванова,552745550,1993-11-27,1996-12-19
683,Клавдия Кузнецова,490673923,1984-09-23,1994-12-24
684,Авдей Грибов,035564897,1992-10-30,1998-04-23
685,Еремей Кузнецов,399853766,1996-02-15,1996-02-19
686,Феврония Петрова,665144640,1995-09-01,1995-12-02
687,Добрыня Агапов,741741793,1983-09-22,1989-01-26
688,Алевтина Михайлова,519141323,1992-07-17,1996-01-07
689,Мирон Петров,079825988,1997-02-18,1999-10-11
690,Клавдия Лыкова,311607969,1996-08-20,1999-05-22
691,Прасковья Кузнецова,535044972,1984-11-19,1987-07-04
692,Варлам Попов,522002825,1989-05-15,1992-11-10
693,Ираида Грибова,504122866,1987-10-23,1993-01-04
694,Пелагея Минина,667388770,1988-12-29,1999-05-10
695,Христофор Попов,143634370,1991-06-26,1992-09-13
696,Добрыня Попов,148361161,1992-02-17,1996-01-26
697,Прасковья Елизарова,242167037,1981-03-31,1995-05-14
698,Ираида Иванова,092026988,1982-11-23,1983-06-23
699,Клавдия Попова,346643765,1989-01-30,1990-08-09
700,Варлам Елизаров,107446443,1984-03-19,1990-03-20
701,Мирон Иванов,680009011,1984-09-27,1994-06-23
702,Евграф Васильев,926511231,1992-08-06,1997-09-30
703,Харитон Михайлов,309392810,1992-04-16,1998-05-19
704,Добрыня Кузнецов,087945005,1987-01-25,1990-08-30
705,Еремей Елизаров,113886532,1981-06-10,1993-07-20
706,Христофор Минин,478934712,1993-07-25,1995-06-07
707,Варлам Минин,890912347,1994-11-23,1995-05-21
708,Христофор Петров,470359595,1981-03-10,1995-06-14
709,Аристарх Агапов,332531713,1994-02-03,1994-03-18
710,Клавдия Петрова,697003953,1988-04-01,1992-06-28
711,Феврония Агапова,621604234,1990-05-01,1992-08-14
712,Авдей Михайлов,086355585,1985-06-26,1998-07-31
713,Мирон Смирнов,136867151,1994-04-05,1997-01-09
714,Ираида Иванова,172081189,1992-08-20,1993-03-22
715,Василиса Грибова,660570122,1990-12-21,1998-03-07
716,Злата Соколова,569340503,1984-06-30,1993-11-16
717,Ираида Грибова,087855706,1992-06-15,1997-12-25
718,Феврония Васильева,530102535,1987-05-15,1998-10-22
719,Пелагея Калачева,498232332,1988-11-30,1994-01-18
720,Прасковья Грибова,005665488,1990-11-30,1994-07-23
721,Агафья Елизарова,258548876,1993-10-07,1995-07-12
722,Алевтина Кузнецова,917245499,1982-09-24,1986-09-10
723,Митрофан Елизаров,661002125,1988-04-15,1999-07-27
724,Ираида Калачева,887777522,1991-09-08,1994-01-24
725,Злата Соколова,420357014,1981-08-29,1991-08-31
726,Клавдия Калачева,602408450,1986-04-01,1999-01-29
727,Аристарх Елизаров,153673358,1989-09-09,1996-08-02
728,Клавдия Калачева,167007805,1990-11-17,1996-07-05
729,Прасковья Петрова,604307357,1987-09-18,1994-10-02
730,Еремей Черный,983052050,1987-08-18,1987-09-02
731,Феврония Попова,023467324,1988-06-21,1989-01-27
732,Евграф Петров,070821712,1982-08-04,1995-06-20
733,Прасковья Петрова,446431573,1981-03-15,1985-08-08
734,Мирон Минин,399860468,1993-11-17,1994-11-24
735,Клавдия Иванова,058459901,1985-01-16,1997-01-19
736,Пелагея Иванова,858504437,1985-09-13,1999-04-27
737,Еремей Кузнецов,605854999,1986-03-19,1994-02-05
738,Злата Соколова,583677644,1996-09-30,1999-01-10
739,Харитон Грибов,532976063,1992-06-24,1995-02-12
740,Ираида Попова,504838487,1983-07-14,1995-01-21
741,Пелагея Черная,881795137,1997-09-05,1999-08-22
742,Злата Елизарова,082999557,1982-03-25,1995-09-05
743,Мирон Минин,475283065,1989-08-06,1993-07-22
744,Феврония Грибова,225441428,1987-07-09,1987-12-18
745,Агафья Минина,560798042,1994-04-03,1996-07-05
746,Агафья Кузнецова,622264915,1989-12-30,1997-05-18
747,Клавдия Лыкова,336038244,1995-06-09,1997-06-13
748,Алевтина Соколова,078612729,1987-03-18,1994-05-20
749,Прасковья Смирнова,724374970,1982-03-02,1990-02-08
750,Мирон Черный,303337289,1981-08-30,1991-01-12
751,Мирон Елизаров,082197598,1984-02-07,1993-10-19
752,Злата Агапова,287215629,1982-12-13,1987-10-25
753,Христофор Соколов,945362695,1986-05-11,1997-11-27
754,Клавдия Иванова,447325040,1995-11-15,1998-10-22
755,Мирон Грибов,524369645,1984-06-16,1997-10-08
756,Алевтина Калачева,524146458,1990-02-21,1994-09-07
757,Агафья Агапова,983232700,1986-02-23,1991-06-01
758,Авдей Грибов,929843561,1992-11-20,1993-04-13
759,Варлам Соколов,379557082,1984-07-26,1996-11-19
760,Аристарх Елизаров,742835657,1989-03-10,1997-12-13
761,Еремей Попов,018832523,1993-05-23,1996-06-07
762,Клавдия Черная,063154260,1988-12-03,1999-06-30
763,Варлам Смирнов,702024051,1990-05-08,1993-12-05
764,Феврония Кузнецова,990646817,1984-12-23,1985-11-28
765,Феврония Грибова,455412703,1989-06-17,1999-04-28
766,Варлам Иванов,620277608,1981-04-13,1997-02-09
767,Василиса Попова,864658492,1993-05-25,1995-09-03
768,Варлам Петров,365556082,1989-10-19,1992-09-20
769,Митрофан Попов,013159390,1997-05-01,1998-01-08
770,Клавдия Черная,147538504,1992-05-11,1999-01-07
771,Ульяна Кузнецова,265938877,1989-03-20,1995-01-29
772,Агафья Елизарова,241808095,1983-04-30,1989-05-16
773,Авдей Лыков,098452468,1981-12-18,1993-05-16
774,Алевтина Кузнецова,716301559,1996-11-04,1999-01-28
775,Злата Васильева,419491396,1989-11-18,1992-04-29
776,Василиса Черная,678291211,1991-02-10,1991-12-23
777,Феврония Кузнецова,616949741,1992-08-21,1998-12-12
778,Авдей Минин,815739776,1989-06-25,1995-05-23
779,Клавдия Грибова,019705413,1983-08-29,1994-02-17
780,Злата Лыкова,699988487,1992-01-28,1994-02-09
